{
  "candidate_id": "B0-reference",
  "hf_l1_mean": 0.22829994524535188,
  "image_count": 25,
  "images": {
    "DJI_20241229103156_0001_V.JPG": {
      "hf_l1": 0.2784878021156068,
      "missing_edge": 0.3343270497569303,
      "spurious_edge": 0.040014809119805476
    },
    "DJI_20241229103333_0019_V.JPG": {
      "hf_l1": 0.23663444034107797,
      "missing_edge": 0.21475961711088773,
      "spurious_edge": 0.03117252608939692
    },
    "DJI_20241229103347_0033_V.JPG": {
      "hf_l1": 0.20874957437336555,
      "missing_edge": 0.15227618722066544,
      "spurious_edge": 0.024843260735065244
    },
    "DJI_20241229103413_0055_V.JPG": {
      "hf_l1": 0.24162080370708805,
      "missing_edge": 0.2413872262825138,
      "spurious_edge": 0.03269341266448637
    },
    "DJI_20241229103441_0073_V.JPG": {
      "hf_l1": 0.23045854089578344,
      "missing_edge": 0.2591793170289457,
      "spurious_edge": 0.026544403807340036
    },
    "DJI_20241229103452_0084_V.JPG": {
      "hf_l1": 0.26354307252625,
      "missing_edge": 0.283323158789085,
      "spurious_edge": 0.0355629211682289
    },
    "DJI_20241229103457_0089_V.JPG": {
      "hf_l1": 0.2636806497857899,
      "missing_edge": 0.32997952425775623,
      "spurious_edge": 0.03925216380027621
    },
    "DJI_20241229103502_0094_V.JPG": {
      "hf_l1": 0.23111816404694077,
      "missing_edge": 0.30262107214624634,
      "spurious_edge": 0.039129357553251316
    },
    "DJI_20241229103507_0099_V.JPG": {
      "hf_l1": 0.26890256602785106,
      "missing_edge": 0.41110649440532493,
      "spurious_edge": 0.036601559178899366
    },
    "DJI_20241229103807_0187_V.JPG": {
      "hf_l1": 0.2792220576069384,
      "missing_edge": 0.3089563066642813,
      "spurious_edge": 0.05519224456789384
    },
    "DJI_20241229103814_0194_V.JPG": {
      "hf_l1": 0.26921936301094584,
      "missing_edge": 0.2679078815861593,
      "spurious_edge": 0.04088066564704657
    },
    "DJI_20241229103817_0197_V.JPG": {
      "hf_l1": 0.23932885186847375,
      "missing_edge": 0.26446956248456877,
      "spurious_edge": 0.03668068148109952
    },
    "DJI_20241229103819_0199_V.JPG": {
      "hf_l1": 0.21771100532476378,
      "missing_edge": 0.2052877183546468,
      "spurious_edge": 0.02561966529763265
    },
    "DJI_20241229103823_0203_V.JPG": {
      "hf_l1": 0.17839935798837717,
      "missing_edge": 0.17139459547753577,
      "spurious_edge": 0.020316858110882813
    },
    "DJI_20241229103826_0206_V.JPG": {
      "hf_l1": 0.19245829415309343,
      "missing_edge": 0.19254264960577527,
      "spurious_edge": 0.025792318219517343
    },
    "DJI_20241229103829_0209_V.JPG": {
      "hf_l1": 0.22082314963108762,
      "missing_edge": 0.21451137566600628,
      "spurious_edge": 0.03176367293621283
    },
    "DJI_20241229103851_0211_V.JPG": {
      "hf_l1": 0.17914762936568449,
      "missing_edge": 0.14163126790589123,
      "spurious_edge": 0.01624582801276731
    },
    "DJI_20241229103903_0223_V.JPG": {
      "hf_l1": 0.25058193693312114,
      "missing_edge": 0.2677541869676771,
      "spurious_edge": 0.04301507631008062
    },
    "DJI_20241229103906_0226_V.JPG": {
      "hf_l1": 0.27478148436124766,
      "missing_edge": 0.2827827927408111,
      "spurious_edge": 0.04724932010974705
    },
    "DJI_20241229103911_0231_V.JPG": {
      "hf_l1": 0.20411104891777468,
      "missing_edge": 0.16591924593087876,
      "spurious_edge": 0.026437110482051145
    },
    "DJI_20241229103916_0236_V.JPG": {
      "hf_l1": 0.23791678824767018,
      "missing_edge": 0.23384297315480787,
      "spurious_edge": 0.03757620814639038
    },
    "DJI_20241229104005_0248_V.JPG": {
      "hf_l1": 0.18819373479035878,
      "missing_edge": 0.1854721313465673,
      "spurious_edge": 0.02379624720714221
    },
    "DJI_20241229104012_0255_V.JPG": {
      "hf_l1": 0.18488691130660678,
      "missing_edge": 0.1458048890714635,
      "spurious_edge": 0.020635101778405704
    },
    "DJI_20241229104056_0285_V.JPG": {
      "hf_l1": 0.1856720277418809,
      "missing_edge": 0.18968683829745986,
      "spurious_edge": 0.019955086211742534
    },
    "DJI_20241229104114_0297_V.JPG": {
      "hf_l1": 0.1818493760660191,
      "missing_edge": 0.18324548757272419,
      "spurious_edge": 0.019181252082647048
    }
  },
  "missing_edge_mean": 0.23800678199302439,
  "scene_id": "HCM0181",
  "schema_version": 1,
  "spurious_edge_mean": 0.03184607002872038
}
