{
  "alpha_coverage": 1.0,
  "psnr_db": 13.771366340302396,
  "psnr_is_infinite": false,
  "rgb_std": 0.09046792984008789,
  "ssim": 0.30677270889282227,
  "valid_fraction": 1.0
}
