{
  "hf_l1_mean": 0.22277424783471186,
  "image_count": 28,
  "images": {
    "DJI_20241229145250_0001_V.JPG": {
      "hf_l1": 0.1315138266393331,
      "missing_edge": 0.7399996000824017,
      "spurious_edge": 0.03423851420858689,
      "symmetric_edge_distance": 0.0032392353240969164
    },
    "DJI_20241229145308_0002_V.JPG": {
      "hf_l1": 0.17757473256164513,
      "missing_edge": 0.41281683733771163,
      "spurious_edge": 0.011265038339481701,
      "symmetric_edge_distance": 0.001344693348246973
    },
    "DJI_20241229145411_0006_V.JPG": {
      "hf_l1": 0.15937452630876842,
      "missing_edge": 0.20457106207801556,
      "spurious_edge": 0.021428049806775085,
      "symmetric_edge_distance": 0.00034214301581492244
    },
    "DJI_20241229145426_0021_V.JPG": {
      "hf_l1": 0.170357633856161,
      "missing_edge": 0.21591496608303754,
      "spurious_edge": 0.020931913067623986,
      "symmetric_edge_distance": 0.000333939988072343
    },
    "DJI_20241229145546_0073_V.JPG": {
      "hf_l1": 0.237220644975641,
      "missing_edge": 0.37456310602188503,
      "spurious_edge": 0.03252542403240246,
      "symmetric_edge_distance": 0.0006899646978039548
    },
    "DJI_20241229145555_0082_V.JPG": {
      "hf_l1": 0.21862902891543465,
      "missing_edge": 0.3455261727135846,
      "spurious_edge": 0.03232463326505761,
      "symmetric_edge_distance": 0.0007816358645777659
    },
    "DJI_20241229145606_0093_V.JPG": {
      "hf_l1": 0.22752500672616555,
      "missing_edge": 0.370829491309282,
      "spurious_edge": 0.028313108248231276,
      "symmetric_edge_distance": 0.0007246995227047282
    },
    "DJI_20241229145640_0113_V.JPG": {
      "hf_l1": 0.17708666312392587,
      "missing_edge": 0.23189374764087675,
      "spurious_edge": 0.022415970106363457,
      "symmetric_edge_distance": 0.00035408356584768196
    },
    "DJI_20241229145721_0136_V.JPG": {
      "hf_l1": 0.24521451015989645,
      "missing_edge": 0.37229524997300695,
      "spurious_edge": 0.055050198749021687,
      "symmetric_edge_distance": 0.0009334901528320974
    },
    "DJI_20241229145725_0140_V.JPG": {
      "hf_l1": 0.24609393965349277,
      "missing_edge": 0.3338155538719752,
      "spurious_edge": 0.0502686829273561,
      "symmetric_edge_distance": 0.00072619682994441
    },
    "DJI_20241229145728_0143_V.JPG": {
      "hf_l1": 0.21868544109704438,
      "missing_edge": 0.35716055085152454,
      "spurious_edge": 0.04484383100226382,
      "symmetric_edge_distance": 0.0008600547384146033
    },
    "DJI_20241229145731_0146_V.JPG": {
      "hf_l1": 0.23495948301862662,
      "missing_edge": 0.31144498942938686,
      "spurious_edge": 0.03996672981273114,
      "symmetric_edge_distance": 0.0006438468831687528
    },
    "DJI_20241229145735_0150_V.JPG": {
      "hf_l1": 0.20478593824101346,
      "missing_edge": 0.34427715532188025,
      "spurious_edge": 0.037725516195880535,
      "symmetric_edge_distance": 0.0008160081614525586
    },
    "DJI_20241229145738_0153_V.JPG": {
      "hf_l1": 0.21752467762547192,
      "missing_edge": 0.3546987342809613,
      "spurious_edge": 0.041299744752439166,
      "symmetric_edge_distance": 0.0008168580352678512
    },
    "DJI_20241229145742_0157_V.JPG": {
      "hf_l1": 0.2258985676016234,
      "missing_edge": 0.39844001279852875,
      "spurious_edge": 0.043359470127885755,
      "symmetric_edge_distance": 0.0010305003687158072
    },
    "DJI_20241229145745_0160_V.JPG": {
      "hf_l1": 0.23655332906770823,
      "missing_edge": 0.3866769038454114,
      "spurious_edge": 0.04965142686175575,
      "symmetric_edge_distance": 0.0011781949080595878
    },
    "DJI_20241229145748_0163_V.JPG": {
      "hf_l1": 0.23865227328600316,
      "missing_edge": 0.3445315399099523,
      "spurious_edge": 0.04591648217838733,
      "symmetric_edge_distance": 0.0007579495438244513
    },
    "DJI_20241229145816_0173_V.JPG": {
      "hf_l1": 0.2678919186510905,
      "missing_edge": 0.4876419873659775,
      "spurious_edge": 0.05770942451381618,
      "symmetric_edge_distance": 0.0018074433166701711
    },
    "DJI_20241229145823_0180_V.JPG": {
      "hf_l1": 0.277235511499298,
      "missing_edge": 0.42456925236737275,
      "spurious_edge": 0.06955772732246397,
      "symmetric_edge_distance": 0.001113186897033927
    },
    "DJI_20241229145825_0182_V.JPG": {
      "hf_l1": 0.29013342910639783,
      "missing_edge": 0.43488593249481544,
      "spurious_edge": 0.06933337598918222,
      "symmetric_edge_distance": 0.0011551005140472586
    },
    "DJI_20241229145828_0185_V.JPG": {
      "hf_l1": 0.24922673551927485,
      "missing_edge": 0.4361229893285993,
      "spurious_edge": 0.06305951769034013,
      "symmetric_edge_distance": 0.0012677687461280687
    },
    "DJI_20241229145830_0187_V.JPG": {
      "hf_l1": 0.26118282631500706,
      "missing_edge": 0.43982885355291246,
      "spurious_edge": 0.06218900024757062,
      "symmetric_edge_distance": 0.001286752320949462
    },
    "DJI_20241229145833_0190_V.JPG": {
      "hf_l1": 0.26025682456587007,
      "missing_edge": 0.4118957455093473,
      "spurious_edge": 0.051620191270393447,
      "symmetric_edge_distance": 0.0011779729536003
    },
    "DJI_20241229145835_0192_V.JPG": {
      "hf_l1": 0.23909263404538664,
      "missing_edge": 0.41915651415970656,
      "spurious_edge": 0.04487092854812287,
      "symmetric_edge_distance": 0.0013358800722214255
    },
    "DJI_20241229145838_0195_V.JPG": {
      "hf_l1": 0.2474427870933679,
      "missing_edge": 0.43479505844653454,
      "spurious_edge": 0.057760181337911394,
      "symmetric_edge_distance": 0.0013531721386855512
    },
    "DJI_20241229145841_0198_V.JPG": {
      "hf_l1": 0.26033222888753993,
      "missing_edge": 0.4731684261639182,
      "spurious_edge": 0.05762983344031796,
      "symmetric_edge_distance": 0.0014949317270904437
    },
    "DJI_20241229145943_0215_V.JPG": {
      "hf_l1": 0.16733838563280107,
      "missing_edge": 0.19298409489311946,
      "spurious_edge": 0.024984890942755772,
      "symmetric_edge_distance": 0.0003074705275214871
    },
    "DJI_20241229150027_0250_V.JPG": {
      "hf_l1": 0.1498954351979436,
      "missing_edge": 0.19915639228696602,
      "spurious_edge": 0.021188899815178224,
      "symmetric_edge_distance": 0.00030017291641476777
    }
  },
  "missing_edge_mean": 0.37334503286138193,
  "scene_id": "HCM0674",
  "schema_version": 1,
  "spurious_edge_mean": 0.04255102517143917,
  "symmetric_edge_distance_mean": 0.0010061909671145808
}
