{
  "candidate_id": "B0-reference",
  "config_sha256": "ddb80c417e35b177fa934264aeb94e5a4a372d3cf9cbca138d0a94d93f0895b7",
  "holdout_sha256": "17e7fbb5bdacd8cb7c578dc09cbf32f8e91740a5f5d33678fb2549538a3f0a36",
  "image_count": 28,
  "images": {
    "DJI_20241229145250_0001_V.JPG": {
      "center_distance": 0.7419632080046051,
      "hf_l1": 0.1315138266393331,
      "lpips": 0.6192254424095154,
      "missing_edge": 0.7399996000824017,
      "nearest_train_image_name": "DJI_20241229145602_0089_V.JPG",
      "pose_distance": 0.7919165578321046,
      "psnr_db": 8.382410936220564,
      "rotation_angle_deg": 35.966411875799594,
      "score50": 34.30462502374859,
      "spurious_edge": 0.03423851420858689,
      "ssim": 0.4681398719465625,
      "stratum": "hard",
      "symmetric_edge_distance": 0.0032392353240969164
    },
    "DJI_20241229145308_0002_V.JPG": {
      "center_distance": 0.2478957122527637,
      "hf_l1": 0.17757473256164513,
      "lpips": 0.4532967805862427,
      "missing_edge": 0.41281683733771163,
      "nearest_train_image_name": "DJI_20241229145530_0068_V.JPG",
      "pose_distance": 0.29295402591758646,
      "psnr_db": 8.260322738517443,
      "rotation_angle_deg": 32.441985838672394,
      "score50": 42.23780200010364,
      "spurious_edge": 0.011265038339481701,
      "ssim": 0.5137826526814295,
      "stratum": "easy",
      "symmetric_edge_distance": 0.001344693348246973
    },
    "DJI_20241229145411_0006_V.JPG": {
      "center_distance": 0.08075496221230327,
      "hf_l1": 0.15937452630876842,
      "lpips": 0.11312863230705261,
      "missing_edge": 0.20457106207801556,
      "nearest_train_image_name": "DJI_20241229145410_0005_V.JPG",
      "pose_distance": 0.08971724245970086,
      "psnr_db": 25.46533068351623,
      "rotation_angle_deg": 6.452841778126261,
      "score50": 76.03566647550188,
      "spurious_edge": 0.021428049806775085,
      "ssim": 0.8427204452558085,
      "stratum": "easy",
      "symmetric_edge_distance": 0.00034214301581492244
    },
    "DJI_20241229145426_0021_V.JPG": {
      "center_distance": 0.08656557966191061,
      "hf_l1": 0.170357633856161,
      "lpips": 0.10710631310939789,
      "missing_edge": 0.21591496608303754,
      "nearest_train_image_name": "DJI_20241229145427_0022_V.JPG",
      "pose_distance": 0.09427169741778671,
      "psnr_db": 25.000613792946496,
      "rotation_angle_deg": 5.548404784230787,
      "score50": 76.49263546210298,
      "spurious_edge": 0.020931913067623986,
      "ssim": 0.8592173236903669,
      "stratum": "easy",
      "symmetric_edge_distance": 0.000333939988072343
    },
    "DJI_20241229145546_0073_V.JPG": {
      "center_distance": 0.15167942732513837,
      "hf_l1": 0.237220644975641,
      "lpips": 0.17460691928863525,
      "missing_edge": 0.37456310602188503,
      "nearest_train_image_name": "DJI_20241229145517_0055_V.JPG",
      "pose_distance": 0.16027956761488202,
      "psnr_db": 21.794659873943232,
      "rotation_angle_deg": 6.192101008615435,
      "score50": 68.94893891537335,
      "spurious_edge": 0.03252542403240246,
      "ssim": 0.7618806587517606,
      "stratum": "easy",
      "symmetric_edge_distance": 0.0006899646978039548
    },
    "DJI_20241229145555_0082_V.JPG": {
      "center_distance": 0.14468498525463655,
      "hf_l1": 0.21862902891543465,
      "lpips": 0.15912756323814392,
      "missing_edge": 0.3455261727135846,
      "nearest_train_image_name": "DJI_20241229150142_0303_V.JPG",
      "pose_distance": 0.18898643837622686,
      "psnr_db": 22.1680913529947,
      "rotation_angle_deg": 31.89704624754502,
      "score50": 70.22767192455282,
      "spurious_edge": 0.03232463326505761,
      "ssim": 0.7763973214093917,
      "stratum": "easy",
      "symmetric_edge_distance": 0.0007816358645777659
    },
    "DJI_20241229145606_0093_V.JPG": {
      "center_distance": 0.14479226938055698,
      "hf_l1": 0.22752500672616555,
      "lpips": 0.1868327409029007,
      "missing_edge": 0.370829491309282,
      "nearest_train_image_name": "DJI_20241229150146_0307_V.JPG",
      "pose_distance": 0.18976071026373137,
      "psnr_db": 22.01983157496008,
      "rotation_angle_deg": 32.37727743588557,
      "score50": 68.97821111191061,
      "spurious_edge": 0.028313108248231276,
      "ssim": 0.7746540601016866,
      "stratum": "easy",
      "symmetric_edge_distance": 0.0007246995227047282
    },
    "DJI_20241229145640_0113_V.JPG": {
      "center_distance": 0.08222579032737602,
      "hf_l1": 0.17708666312392587,
      "lpips": 0.1126774400472641,
      "missing_edge": 0.23189374764087675,
      "nearest_train_image_name": "DJI_20241229150122_0288_V.JPG",
      "pose_distance": 0.10564949058623488,
      "psnr_db": 25.29195735020627,
      "rotation_angle_deg": 16.86506418637838,
      "score50": 76.0165160484214,
      "spurious_edge": 0.022415970106363457,
      "ssim": 0.84494797467294,
      "stratum": "easy",
      "symmetric_edge_distance": 0.00035408356584768196
    },
    "DJI_20241229145721_0136_V.JPG": {
      "center_distance": 0.5479060526086088,
      "hf_l1": 0.24521451015989645,
      "lpips": 0.2205924391746521,
      "missing_edge": 0.37229524997300695,
      "nearest_train_image_name": "DJI_20241229145417_0012_V.JPG",
      "pose_distance": 0.5720972229666211,
      "psnr_db": 17.423559655451182,
      "rotation_angle_deg": 17.417642657768877,
      "score50": 61.2653561540921,
      "spurious_edge": 0.055050198749021687,
      "ssim": 0.6544972642602492,
      "stratum": "hard",
      "symmetric_edge_distance": 0.0009334901528320974
    },
    "DJI_20241229145725_0140_V.JPG": {
      "center_distance": 0.5210296804180543,
      "hf_l1": 0.24609393965349277,
      "lpips": 0.20622052252292633,
      "missing_edge": 0.3338155538719752,
      "nearest_train_image_name": "DJI_20241229145423_0018_V.JPG",
      "pose_distance": 0.5456113949239594,
      "psnr_db": 18.863655990926794,
      "rotation_angle_deg": 17.698834444251634,
      "score50": 63.98144534879943,
      "spurious_edge": 0.0502686829273561,
      "ssim": 0.6970690885053469,
      "stratum": "medium",
      "symmetric_edge_distance": 0.00072619682994441
    },
    "DJI_20241229145728_0143_V.JPG": {
      "center_distance": 0.527625420118636,
      "hf_l1": 0.21868544109704438,
      "lpips": 0.2150546759366989,
      "missing_edge": 0.35716055085152454,
      "nearest_train_image_name": "DJI_20241229145424_0019_V.JPG",
      "pose_distance": 0.5503265308994547,
      "psnr_db": 18.759973988263717,
      "rotation_angle_deg": 16.344799762189478,
      "score50": 63.529518355829126,
      "spurious_edge": 0.04484383100226382,
      "ssim": 0.6958573666779619,
      "stratum": "medium",
      "symmetric_edge_distance": 0.0008600547384146033
    },
    "DJI_20241229145731_0146_V.JPG": {
      "center_distance": 0.3705231507390838,
      "hf_l1": 0.23495948301862662,
      "lpips": 0.16719630360603333,
      "missing_edge": 0.31144498942938686,
      "nearest_train_image_name": "DJI_20241229145733_0148_V.JPG",
      "pose_distance": 0.3943344078749477,
      "psnr_db": 21.103217501366007,
      "rotation_angle_deg": 17.144105137822024,
      "score50": 68.51623416228936,
      "spurious_edge": 0.03996672981273114,
      "ssim": 0.7514051935237033,
      "stratum": "easy",
      "symmetric_edge_distance": 0.0006438468831687528
    },
    "DJI_20241229145735_0150_V.JPG": {
      "center_distance": 0.376526517270577,
      "hf_l1": 0.20478593824101346,
      "lpips": 0.19497494399547577,
      "missing_edge": 0.34427715532188025,
      "nearest_train_image_name": "DJI_20241229145733_0148_V.JPG",
      "pose_distance": 0.3994821081439668,
      "psnr_db": 19.492958478649587,
      "rotation_angle_deg": 16.52802542884064,
      "score50": 65.79819118446034,
      "spurious_edge": 0.037725516195880535,
      "ssim": 0.7300471285696537,
      "stratum": "medium",
      "symmetric_edge_distance": 0.0008160081614525586
    },