{
  "candidate_id": "B0-reference",
  "config_sha256": "ddb80c417e35b177fa934264aeb94e5a4a372d3cf9cbca138d0a94d93f0895b7",
  "holdout_sha256": "17e7fbb5bdacd8cb7c578dc09cbf32f8e91740a5f5d33678fb2549538a3f0a36",
  "image_count": 28,
  "images": {
    "DJI_20241229145250_0001_V.JPG": {
      "lpips": 0.6192254424095154,
      "psnr_db": 8.382410936220564,
      "ssim": 0.4681398719465625
    },
    "DJI_20241229145308_0002_V.JPG": {
      "lpips": 0.4532967805862427,
      "psnr_db": 8.260322738517443,
      "ssim": 0.5137826526814295
    },
    "DJI_20241229145411_0006_V.JPG": {
      "lpips": 0.11312863230705261,
      "psnr_db": 25.46533068351623,
      "ssim": 0.8427204452558085
    },
    "DJI_20241229145426_0021_V.JPG": {
      "lpips": 0.10710631310939789,
      "psnr_db": 25.000613792946496,
      "ssim": 0.8592173236903669
    },
    "DJI_20241229145546_0073_V.JPG": {
      "lpips": 0.17460691928863525,
      "psnr_db": 21.794659873943232,
      "ssim": 0.7618806587517606
    },
    "DJI_20241229145555_0082_V.JPG": {
      "lpips": 0.15912756323814392,
      "psnr_db": 22.1680913529947,
      "ssim": 0.7763973214093917
    },
    "DJI_20241229145606_0093_V.JPG": {
      "lpips": 0.1868327409029007,
      "psnr_db": 22.01983157496008,
      "ssim": 0.7746540601016866
    },
    "DJI_20241229145640_0113_V.JPG": {
      "lpips": 0.1126774400472641,
      "psnr_db": 25.29195735020627,
      "ssim": 0.84494797467294
    },
    "DJI_20241229145721_0136_V.JPG": {
      "lpips": 0.2205924391746521,
      "psnr_db": 17.423559655451182,
      "ssim": 0.6544972642602492
    },
    "DJI_20241229145725_0140_V.JPG": {
      "lpips": 0.20622052252292633,
      "psnr_db": 18.863655990926794,
      "ssim": 0.6970690885053469
    },
    "DJI_20241229145728_0143_V.JPG": {
      "lpips": 0.2150546759366989,
      "psnr_db": 18.759973988263717,
      "ssim": 0.6958573666779619
    },
    "DJI_20241229145731_0146_V.JPG": {
      "lpips": 0.16719630360603333,
      "psnr_db": 21.103217501366007,
      "ssim": 0.7514051935237033
    },
    "DJI_20241229145735_0150_V.JPG": {
      "lpips": 0.19497494399547577,
      "psnr_db": 19.492958478649587,
      "ssim": 0.7300471285696537
    },
    "DJI_20241229145738_0153_V.JPG": {
      "lpips": 0.21988819539546967,
      "psnr_db": 18.9593491685403,
      "ssim": 0.7176311228144842
    },
    "DJI_20241229145742_0157_V.JPG": {
      "lpips": 0.22124896943569183,
      "psnr_db": 18.232657943035953,
      "ssim": 0.6720767315674282
    },
    "DJI_20241229145745_0160_V.JPG": {
      "lpips": 0.23176489770412445,
      "psnr_db": 17.771696587160296,
      "ssim": 0.6764558074883077
    },
    "DJI_20241229145748_0163_V.JPG": {
      "lpips": 0.19973814487457275,
      "psnr_db": 18.949969344207286,
      "ssim": 0.7043318588584799
    },
    "DJI_20241229145816_0173_V.JPG": {
      "lpips": 0.31076934933662415,
      "psnr_db": 16.086181367227816,
      "ssim": 0.578704777287108
    },
    "DJI_20241229145823_0180_V.JPG": {
      "lpips": 0.2697102427482605,
      "psnr_db": 16.047026105759983,
      "ssim": 0.5874773134780695
    },
    "DJI_20241229145825_0182_V.JPG": {
      "lpips": 0.2826121747493744,
      "psnr_db": 15.947631296547815,
      "ssim": 0.5859240912241375
    },
    "DJI_20241229145828_0185_V.JPG": {
      "lpips": 0.28577104210853577,
      "psnr_db": 16.287446775562266,
      "ssim": 0.5942845476015374
    },
    "DJI_20241229145830_0187_V.JPG": {
      "lpips": 0.2871934771537781,
      "psnr_db": 16.883903378127485,
      "ssim": 0.5983796644248275
    },
    "DJI_20241229145833_0190_V.JPG": {
      "lpips": 0.239435076713562,
      "psnr_db": 18.06872729227801,
      "ssim": 0.6608029748395586
    },
    "DJI_20241229145835_0192_V.JPG": {
      "lpips": 0.2520858645439148,
      "psnr_db": 17.859229158534703,
      "ssim": 0.6619531396978673
    },
    "DJI_20241229145838_0195_V.JPG": {
      "lpips": 0.2812995910644531,
      "psnr_db": 16.922940529894635,
      "ssim": 0.6152078899746687
    },
    "DJI_20241229145841_0198_V.JPG": {
      "lpips": 0.29098373651504517,
      "psnr_db": 16.026080991883788,
      "ssim": 0.5970280032415216
    },
    "DJI_20241229145943_0215_V.JPG": {
      "lpips": 0.09925255179405212,
      "psnr_db": 25.83947241003619,
      "ssim": 0.8554819334447581
    },
    "DJI_20241229150027_0250_V.JPG": {
      "lpips": 0.08387579768896103,
      "psnr_db": 26.73803203096011,
      "ssim": 0.8621005491491702
    }
  },
  "lpips_mean": 0.23163106531969138,
  "max_vram_mb": 5868.12353515625,
  "peak_gaussians": 3392590,
  "psnr_db_mean": 18.951676010632816,
  "scene_id": "HCM0674",
  "schema_version": 1,
  "ssim_mean": 0.6906591698263852,
  "step": 7000,
  "total_time_seconds": 932.3191784370001,
  "valid_fraction_mean": 0.9890032784876058
}
