{
  "final": {
    "alpha_coverage": 1.0,
    "psnr_db": 28.51810157317906,
    "psnr_is_infinite": false,
    "rgb_std": 0.22056259214878082,
    "ssim": 0.8338638544082642,
    "valid_fraction": 0.9902334809303284
  },
  "final_render_non_blank": true,
  "initial": {
    "alpha_coverage": 1.0,
    "psnr_db": 11.41824485391261,
    "psnr_is_infinite": false,
    "rgb_std": 0.06823165714740753,
    "ssim": 0.3786904811859131,
    "valid_fraction": 0.9902334809303284
  },
  "psnr_delta_db": 17.099856719266448,
  "quality_improved": true,
  "ssim_delta": 0.4551733732223511,
  "train_camera_index": 0
}
