{
  "candidate_id": "B0-compact",
  "config_sha256": "5d7883bda3118e7b4174809779e21ac075edf1b17cf3dcc6dd409984e13e7510",
  "holdout_sha256": "e44ce53dc135d9ba66b1f4cf7879e4702299a7c773b9edb8902979cd2ebbce9e",
  "image_count": 10,
  "images": {
    "DJI_20241230175128_0108_V.JPG": {
      "lpips": 0.31322020292282104,
      "psnr_db": 19.194571804402575,
      "ssim": 0.6039226845629253
    },
    "DJI_20241230175151_0131_V.JPG": {
      "lpips": 0.31207090616226196,
      "psnr_db": 19.875360456161804,
      "ssim": 0.5833738200335876
    },
    "DJI_20241230175337_0179_V.JPG": {
      "lpips": 0.2624916136264801,
      "psnr_db": 20.163481740541535,
      "ssim": 0.633650723500684
    },
    "DJI_20241230175354_0196_V.JPG": {
      "lpips": 0.24196600914001465,
      "psnr_db": 20.696820419599344,
      "ssim": 0.6641737297721718
    },
    "DJI_20241230175435_0216_V.JPG": {
      "lpips": 0.2642253637313843,
      "psnr_db": 19.36383359002714,
      "ssim": 0.6378776975564256
    },
    "DJI_20241230175442_0223_V.JPG": {
      "lpips": 0.2552434206008911,
      "psnr_db": 20.16549806105172,
      "ssim": 0.6597205519661292
    },
    "DJI_20241230175450_0231_V.JPG": {
      "lpips": 0.35069113969802856,
      "psnr_db": 17.367693978586757,
      "ssim": 0.5287347291406765
    },
    "DJI_20241230175458_0239_V.JPG": {
      "lpips": 0.3708897829055786,
      "psnr_db": 16.336549067390433,
      "ssim": 0.5223002252460844
    },
    "DJI_20241230175559_0266_V.JPG": {
      "lpips": 0.22086066007614136,
      "psnr_db": 23.73486266283774,
      "ssim": 0.7633497377365795
    },
    "DJI_20241230175646_0302_V.JPG": {
      "lpips": 0.18048608303070068,
      "psnr_db": 25.97269047629855,
      "ssim": 0.8305833314525224
    }
  },
  "lpips_mean": 0.2772145181894302,
  "max_vram_mb": 2787.39794921875,
  "peak_gaussians": 1584624,
  "psnr_db_mean": 20.28713622568976,
  "scene_id": "HCM1439",
  "schema_version": 1,
  "ssim_mean": 0.6427687230967786,
  "step": 7000,
  "total_time_seconds": 500.6948964080002,
  "valid_fraction_mean": 0.9902334773416677
}
