{
  "alpha_coverage": 1.0,
  "psnr_db": 13.587943241154035,
  "psnr_is_infinite": false,
  "rgb_std": 0.06564906984567642,
  "ssim": 0.4866522550582886,
  "valid_fraction": 1.0
}
