{
  "final": {
    "alpha_coverage": 1.0,
    "psnr_db": 23.941347354594747,
    "psnr_is_infinite": false,
    "rgb_std": 0.23900450766086578,
    "ssim": 0.8961414098739624,
    "valid_fraction": 0.988847017288208
  },
  "final_render_non_blank": true,
  "initial": {
    "alpha_coverage": 1.0,
    "psnr_db": 6.729658457935168,
    "psnr_is_infinite": false,
    "rgb_std": 0.15352347493171692,
    "ssim": 0.31965065002441406,
    "valid_fraction": 0.988847017288208
  },
  "psnr_delta_db": 17.21168889665958,
  "quality_improved": true,
  "ssim_delta": 0.5764907598495483,
  "train_camera_index": 0
}
