{
  "final": {
    "alpha_coverage": 1.0,
    "psnr_db": 22.266945484511748,
    "psnr_is_infinite": false,
    "rgb_std": 0.2885175943374634,
    "ssim": 0.8003093600273132,
    "valid_fraction": 0.9887581467628479
  },
  "final_render_non_blank": true,
  "initial": {
    "alpha_coverage": 1.0,
    "psnr_db": 11.468502978996927,
    "psnr_is_infinite": false,
    "rgb_std": 0.10674646496772766,
    "ssim": 0.3391401171684265,
    "valid_fraction": 0.9887581467628479
  },
  "psnr_delta_db": 10.79844250551482,
  "quality_improved": true,
  "ssim_delta": 0.4611692428588867,
  "train_camera_index": 0
}
