{
  "final": {
    "alpha_coverage": 1.0,
    "psnr_db": 23.288915539709528,
    "psnr_is_infinite": false,
    "rgb_std": 0.23309583961963654,
    "ssim": 0.8334424495697021,
    "valid_fraction": 0.9900465607643127
  },
  "final_render_non_blank": true,
  "initial": {
    "alpha_coverage": 1.0,
    "psnr_db": 12.071997881042304,
    "psnr_is_infinite": false,
    "rgb_std": 0.09013742953538895,
    "ssim": 0.3675105571746826,
    "valid_fraction": 0.9900465607643127
  },
  "psnr_delta_db": 11.216917658667224,
  "quality_improved": true,
  "ssim_delta": 0.46593189239501953,
  "train_camera_index": 0
}
