{
  "candidate_id": "C1-absgrad-t08-revopacity-v1",
  "hf_l1_mean": 0.19866284846682492,
  "image_count": 20,
  "images": {
    "DJI_20241227155159_0002_V.JPG": {
      "hf_l1": 0.15115767729036028,
      "missing_edge": 0.48697295903884513,
      "spurious_edge": 0.016952780820150844
    },
    "DJI_20241227155227_0003_V.JPG": {
      "hf_l1": 0.21070391417896311,
      "missing_edge": 0.21674119628660318,
      "spurious_edge": 0.04191093357940083
    },
    "DJI_20241227155420_0048_V.JPG": {
      "hf_l1": 0.19721264497710095,
      "missing_edge": 0.3054217553471,
      "spurious_edge": 0.04404641131063735
    },
    "DJI_20241227155506_0088_V.JPG": {
      "hf_l1": 0.2528623809498063,
      "missing_edge": 0.29791935768673045,
      "spurious_edge": 0.042016143127123255
    },
    "DJI_20241227155542_0110_V.JPG": {
      "hf_l1": 0.25173506930363526,
      "missing_edge": 0.3690029723387167,
      "spurious_edge": 0.04067095690999137
    },
    "DJI_20241227155549_0117_V.JPG": {
      "hf_l1": 0.2586053912707036,
      "missing_edge": 0.39761956783840313,
      "spurious_edge": 0.042072009818874476
    },
    "DJI_20241227155558_0126_V.JPG": {
      "hf_l1": 0.24400805307581266,
      "missing_edge": 0.3877185423229353,
      "spurious_edge": 0.038003505245162
    },
    "DJI_20241227155605_0133_V.JPG": {
      "hf_l1": 0.23257409915487465,
      "missing_edge": 0.32382929076551803,
      "spurious_edge": 0.035925877623075114
    },
    "DJI_20241227155720_0179_V.JPG": {
      "hf_l1": 0.16869080122584315,
      "missing_edge": 0.19578339120062496,
      "spurious_edge": 0.02424876227184156
    },
    "DJI_20241227155732_0191_V.JPG": {
      "hf_l1": 0.16358798744598194,
      "missing_edge": 0.1750632056249016,
      "spurious_edge": 0.02379998006187964
    },
    "DJI_20241227155750_0201_V.JPG": {
      "hf_l1": 0.21396026760196987,
      "missing_edge": 0.22818369391383214,
      "spurious_edge": 0.028506940709851793
    },
    "DJI_20241227155756_0207_V.JPG": {
      "hf_l1": 0.17694541152919782,
      "missing_edge": 0.21486848553904583,
      "spurious_edge": 0.027264239561003545
    },
    "DJI_20241227155759_0210_V.JPG": {
      "hf_l1": 0.1734454856421228,
      "missing_edge": 0.20823751458274764,
      "spurious_edge": 0.029802655867013902
    },
    "DJI_20241227155802_0213_V.JPG": {
      "hf_l1": 0.17174423332834687,
      "missing_edge": 0.24188587647923573,
      "spurious_edge": 0.031150753232748185
    },
    "DJI_20241227155807_0218_V.JPG": {
      "hf_l1": 0.17121098525852113,
      "missing_edge": 0.20695062936822028,
      "spurious_edge": 0.027593650249978584
    },
    "DJI_20241227155811_0222_V.JPG": {
      "hf_l1": 0.19636519040401038,
      "missing_edge": 0.24338085839364457,
      "spurious_edge": 0.030501426239180104
    },
    "DJI_20241227155815_0226_V.JPG": {
      "hf_l1": 0.17940532917349317,
      "missing_edge": 0.19000742078259894,
      "spurious_edge": 0.027221666507468514
    },
    "DJI_20241227155818_0229_V.JPG": {
      "hf_l1": 0.19518285682014927,
      "missing_edge": 0.23373254591494508,
      "spurious_edge": 0.029100056528690542
    },
    "DJI_20241227155949_0282_V.JPG": {
      "hf_l1": 0.15857698261386244,
      "missing_edge": 0.16746872019409487,
      "spurious_edge": 0.023403402640571214
    },
    "DJI_20241227160012_0299_V.JPG": {
      "hf_l1": 0.2052822080917425,
      "missing_edge": 0.2444142965875658,
      "spurious_edge": 0.02509218697674589
    }
  },
  "missing_edge_mean": 0.2667601140103155,
  "scene_id": "hcm0031",
  "schema_version": 1,
  "spurious_edge_mean": 0.03146421696406944
}
