{
  "candidate_id": "C1-absgrad-t08-revopacity-v1",
  "config_sha256": "d85ac300ba5b893563e172ea9cabaf8abf0fbf2bb5f837da53961bdbeaba53ff",
  "holdout_sha256": "5c07a9e7cdd5639ccc7c1976176b1e8fddf1f6c5ebeb83dab90aec30f69f0874",
  "image_count": 20,
  "images": {
    "DJI_20241227155159_0002_V.JPG": {
      "lpips": 0.5011627674102783,
      "psnr_db": 6.532595886650321,
      "ssim": 0.3372694919374415
    },
    "DJI_20241227155227_0003_V.JPG": {
      "lpips": 0.14136873185634613,
      "psnr_db": 23.699515932190025,
      "ssim": 0.7986250181453254
    },
    "DJI_20241227155420_0048_V.JPG": {
      "lpips": 0.19092462956905365,
      "psnr_db": 22.127294975088212,
      "ssim": 0.7506142148416679
    },
    "DJI_20241227155506_0088_V.JPG": {
      "lpips": 0.17413833737373352,
      "psnr_db": 21.202902322675765,
      "ssim": 0.7327036715592222
    },
    "DJI_20241227155542_0110_V.JPG": {
      "lpips": 0.21530944108963013,
      "psnr_db": 22.016474735423547,
      "ssim": 0.7023627174161408
    },
    "DJI_20241227155549_0117_V.JPG": {
      "lpips": 0.22481830418109894,
      "psnr_db": 22.00362488972914,
      "ssim": 0.6941953177963089
    },
    "DJI_20241227155558_0126_V.JPG": {
      "lpips": 0.18725717067718506,
      "psnr_db": 21.960342947075805,
      "ssim": 0.707952906850918
    },
    "DJI_20241227155605_0133_V.JPG": {
      "lpips": 0.18579864501953125,
      "psnr_db": 22.315771593674953,
      "ssim": 0.7517056799883146
    },
    "DJI_20241227155720_0179_V.JPG": {
      "lpips": 0.09593053162097931,
      "psnr_db": 25.231588314384084,
      "ssim": 0.8569529331707879
    },
    "DJI_20241227155732_0191_V.JPG": {
      "lpips": 0.09679314494132996,
      "psnr_db": 26.96378648035423,
      "ssim": 0.8703218102328486
    },
    "DJI_20241227155750_0201_V.JPG": {
      "lpips": 0.1400035172700882,
      "psnr_db": 23.59811651196564,
      "ssim": 0.8113793698644216
    },
    "DJI_20241227155756_0207_V.JPG": {
      "lpips": 0.11915307492017746,
      "psnr_db": 25.056791044780702,
      "ssim": 0.8393490404647883
    },
    "DJI_20241227155759_0210_V.JPG": {
      "lpips": 0.11945615708827972,
      "psnr_db": 24.909780938638445,
      "ssim": 0.8447351723573691
    },
    "DJI_20241227155802_0213_V.JPG": {
      "lpips": 0.12726207077503204,
      "psnr_db": 23.89326945731812,
      "ssim": 0.8149517940547184
    },
    "DJI_20241227155807_0218_V.JPG": {
      "lpips": 0.11291921138763428,
      "psnr_db": 24.4656267620493,
      "ssim": 0.8405823031688687
    },
    "DJI_20241227155811_0222_V.JPG": {
      "lpips": 0.12987275421619415,
      "psnr_db": 23.622806718432642,
      "ssim": 0.8102433404839802
    },
    "DJI_20241227155815_0226_V.JPG": {
      "lpips": 0.11435642838478088,
      "psnr_db": 24.629338518302113,
      "ssim": 0.8336742701730419
    },
    "DJI_20241227155818_0229_V.JPG": {
      "lpips": 0.12739212810993195,
      "psnr_db": 22.755217504678402,
      "ssim": 0.813007916895596
    },
    "DJI_20241227155949_0282_V.JPG": {
      "lpips": 0.09101200103759766,
      "psnr_db": 26.532022510216873,
      "ssim": 0.8636721522977526
    },
    "DJI_20241227160012_0299_V.JPG": {
      "lpips": 0.13460855185985565,
      "psnr_db": 24.640802929767773,
      "ssim": 0.8369060000039602
    }
  },
  "lpips_mean": 0.1614768799394369,
  "max_vram_mb": 3702.90576171875,
  "peak_gaussians": 2114736,
  "psnr_db_mean": 22.907883548669805,
  "scene_id": "hcm0031",
  "schema_version": 1,
  "ssim_mean": 0.7755602560851736,
  "step": 7000,
  "total_time_seconds": 720.021973614,
  "valid_fraction_mean": 0.9900465729080491
}
