{
  "total_steps": 7000,
  "total_time_seconds": 720.021973614,
  "final_loss": 0.0363825187087059,
  "final_num_gaussians": 2039965,
  "max_vram_mb": 3702.90576171875
}