{
  "final": {
    "alpha_coverage": 1.0,
    "psnr_db": 18.639300211027006,
    "psnr_is_infinite": false,
    "rgb_std": 0.25337621569633484,
    "ssim": 0.622239887714386,
    "valid_fraction": 0.9887581467628479
  },
  "final_render_non_blank": true,
  "initial": {
    "alpha_coverage": 1.0,
    "psnr_db": 11.915582539210124,
    "psnr_is_infinite": false,
    "rgb_std": 0.1014753133058548,
    "ssim": 0.29388153553009033,
    "valid_fraction": 0.9887581467628479
  },
  "psnr_delta_db": 6.723717671816882,
  "quality_improved": true,
  "ssim_delta": 0.32835835218429565,
  "train_camera_index": 0
}
