{
  "candidate_id": "B0-reference",
  "config_sha256": "e64f5ece8225614d64c729305b990abcf26abfa85c9aae819630e88901c4f629",
  "holdout_sha256": "6cba31bb686b0073fc4b639425de55933fc9627d2b848d80f1e73053752271b1",
  "image_count": 24,
  "images": {
    "frame_000050.jpg": {
      "center_distance": 0.12014722871503078,
      "hf_l1": 0.13432101291303553,
      "lpips": 0.37154844403266907,
      "missing_edge": 0.7541049615356505,
      "nearest_train_image_name": "frame_001480.jpg",
      "pose_distance": 0.1345559939848024,
      "psnr_db": 20.203038610847898,
      "rotation_angle_deg": 10.374310994235566,
      "score50": 58.180545047693634,
      "spurious_edge": 0.01886675778058329,
      "ssim": 0.6973553214163886,
      "stratum": "medium",
      "symmetric_edge_distance": 0.004792491142875474
    },
    "frame_000100.jpg": {
      "center_distance": 0.2204727089330116,
      "hf_l1": 0.09792865140099254,
      "lpips": 0.408022403717041,
      "missing_edge": 0.7275128244099737,
      "nearest_train_image_name": "frame_001450.jpg",
      "pose_distance": 0.22936620240608543,
      "psnr_db": 19.506347454972904,
      "rotation_angle_deg": 6.403315300613159,
      "score50": 55.94430717329507,
      "spurious_edge": 0.03136138080729308,
      "ssim": 0.6853798282997656,
      "stratum": "hard",
      "symmetric_edge_distance": 0.005551206313471168
    },
    "frame_000140.jpg": {
      "center_distance": 0.12004007260524442,
      "hf_l1": 0.05182648666333817,
      "lpips": 0.4399154484272003,
      "missing_edge": 0.6580371675380184,
      "nearest_train_image_name": "frame_000160.jpg",
      "pose_distance": 0.12803210771497853,
      "psnr_db": 18.735147750800174,
      "rotation_angle_deg": 5.754265279008553,
      "score50": 56.59467332943667,
      "spurious_edge": 0.08871977997465795,
      "ssim": 0.7650067538681526,
      "stratum": "medium",
      "symmetric_edge_distance": 0.004552284529830379
    },
    "frame_000190.jpg": {
      "center_distance": 0.05865548431870182,
      "hf_l1": 0.1848563777649177,
      "lpips": 0.5150862336158752,
      "missing_edge": 0.8597340333756571,
      "nearest_train_image_name": "frame_000210.jpg",
      "pose_distance": 0.06582336198925338,
      "psnr_db": 20.045431705163786,
      "rotation_angle_deg": 5.160871922797122,
      "score50": 48.57907404371909,
      "spurious_edge": 0.018989925368515022,
      "ssim": 0.5718421455085275,
      "stratum": "easy",
      "symmetric_edge_distance": 0.01950015499218479
    },
    "frame_000260.jpg": {
      "center_distance": 0.1487889680378256,
      "hf_l1": 0.16269845140023595,
      "lpips": 0.5742576718330383,
      "missing_edge": 0.8417655527157353,
      "nearest_train_image_name": "frame_000240.jpg",
      "pose_distance": 0.15833657711789423,
      "psnr_db": 17.62555575704314,
      "rotation_angle_deg": 6.874278537649408,
      "score50": 44.8607493966147,
      "spurious_edge": 0.023900021578103788,
      "ssim": 0.5751907605236783,
      "stratum": "medium",
      "symmetric_edge_distance": 0.017274875408386986
    },
    "frame_000300.jpg": {
      "center_distance": 0.4188512570701732,
      "hf_l1": 0.1347635173838053,
      "lpips": 0.6218605041503906,
      "missing_edge": 0.8537778792391437,
      "nearest_train_image_name": "frame_000240.jpg",
      "pose_distance": 0.4455164060356077,
      "psnr_db": 14.064181588742455,
      "rotation_angle_deg": 19.198907255112807,
      "score50": 40.24908698478161,
      "spurious_edge": 0.03173718073903347,
      "ssim": 0.5561666065850589,
      "stratum": "hard",
      "symmetric_edge_distance": 0.017173276890614163
    },
    "frame_000340.jpg": {
      "center_distance": 0.22442008690091914,
      "hf_l1": 0.11825022473372064,
      "lpips": 0.5516026616096497,
      "missing_edge": 0.8589875334806049,
      "nearest_train_image_name": "frame_000360.jpg",
      "pose_distance": 0.23744138375423493,
      "psnr_db": 15.615862798148335,
      "rotation_angle_deg": 9.375333734387363,
      "score50": 46.40162944934151,
      "spurious_edge": 0.02798454158034483,
      "ssim": 0.6365406078279501,
      "stratum": "hard",
      "symmetric_edge_distance": 0.015532408272550043
    },
    "frame_000390.jpg": {
      "center_distance": 0.2820904339615916,
      "hf_l1": 0.10536481740574316,
      "lpips": 0.5343917608261108,
      "missing_edge": 0.9590792778803915,
      "nearest_train_image_name": "frame_000360.jpg",
      "pose_distance": 0.3020145025649814,
      "psnr_db": 10.120101237058547,
      "rotation_angle_deg": 14.345329394440647,
      "score50": 43.572008553221714,
      "spurious_edge": 0.0052863526411554415,
      "ssim": 0.6291872748010338,
      "stratum": "hard",
      "symmetric_edge_distance": 0.07017330710594363
    },
    "frame_000440.jpg": {
      "center_distance": 0.2178124630722489,
      "hf_l1": 0.12841182133185058,
      "lpips": 0.47230762243270874,
      "missing_edge": 0.8463299557236966,
      "nearest_train_image_name": "frame_000460.jpg",
      "pose_distance": 0.23328068900184099,
      "psnr_db": 19.478477896927142,
      "rotation_angle_deg": 11.1371226693063,
      "score50": 51.51325246978166,
      "spurious_edge": 0.019912719400182563,
      "ssim": 0.6239490209644577,
      "stratum": "hard",
      "symmetric_edge_distance": 0.02177624162736155
    },
    "frame_000480.jpg": {
      "center_distance": 0.1843980357115832,
      "hf_l1": 0.08299872345527706,
      "lpips": 0.4549548923969269,
      "missing_edge": 0.7390873894509576,
      "nearest_train_image_name": "frame_002750.jpg",
      "pose_distance": 0.2012838658986105,
      "psnr_db": 20.6447479690003,
      "rotation_angle_deg": 12.157797734659654,
      "score50": 55.644626096469736,
      "spurious_edge": 0.022554572889668584,
      "ssim": 0.7151991003648877,
      "stratum": "hard",
      "symmetric_edge_distance": 0.008350777012687095
    },
    "frame_000520.jpg": {
      "center_distance": 0.1949492184818174,
      "hf_l1": 0.06608040960496858,
      "lpips": 0.4769335389137268,
      "missing_edge": 0.7971520544973494,
      "nearest_train_image_name": "frame_000500.jpg",
      "pose_distance": 0.2127327496494898,
      "psnr_db": 17.253352316064653,
      "rotation_angle_deg": 12.804142440724123,
      "score50": 52.55786470168685,
      "spurious_edge": 0.03512445916611901,
      "ssim": 0.7094398289532379,
      "stratum": "hard",
      "symmetric_edge_distance": 0.016112919528682317
    },
    "frame_000590.jpg": {
      "center_distance": 0.16666081260433108,
      "hf_l1": 0.14965253120839395,
      "lpips": 0.5032468438148499,
      "missing_edge": 0.8091489964270832,
      "nearest_train_image_name": "frame_000610.jpg",
      "pose_distance": 0.17953817996235394,
      "psnr_db": 19.476985324869922,
      "rotation_angle_deg": 9.271704497776462,
      "score50": 50.596150513480374,
      "spurious_edge": 0.029564048035954055,
      "ssim": 0.6346611023717471,
      "stratum": "medium",
      "symmetric_edge_distance": 0.014725341551558876
    },
    "frame_000650.jpg": {
      "center_distance": 0.1778673411569735,
      "hf_l1": 0.1246640875015129,
      "lpips": 0.43387866020202637,
      "missing_edge": 0.7928385924555875,
      "nearest_train_image_name": "frame_000630.jpg",
      "pose_distance": 0.19185034726229128,
      "psnr_db": 19.516592428511423,
      "rotation_angle_deg": 10.067764395828807,
      "score50": 54.81858958226984,
      "spurious_edge": 0.02355060740380068,
      "ssim": 0.6821260177748014,
      "stratum": "hard",
      "symmetric_edge_distance": 0.009528693648784397
    },
    "frame_000690.jpg": {
      "center_distance": 0.15406374717166266,
      "hf_l1": 0.1285986457463386,
      "lpips": 0.46017155051231384,
      "missing_edge": 0.8141749014773058,
      "nearest_train_image_name": "frame_000670.jpg",
      "pose_distance": 0.16578087135863392,
      "psnr_db": 17.940632736312406,
      "rotation_angle_deg": 8.436329414619335,