{
  "candidate_id": "B0-reference",
  "config_sha256": "e64f5ece8225614d64c729305b990abcf26abfa85c9aae819630e88901c4f629",
  "holdout_sha256": "6cba31bb686b0073fc4b639425de55933fc9627d2b848d80f1e73053752271b1",
  "image_count": 24,
  "images": {
    "frame_000050.jpg": {
      "lpips": 0.37154844403266907,
      "psnr_db": 20.203038610847898,
      "ssim": 0.6973553214163886
    },
    "frame_000100.jpg": {
      "lpips": 0.408022403717041,
      "psnr_db": 19.506347454972904,
      "ssim": 0.6853798282997656
    },
    "frame_000140.jpg": {
      "lpips": 0.4399154484272003,
      "psnr_db": 18.735147750800174,
      "ssim": 0.7650067538681526
    },
    "frame_000190.jpg": {
      "lpips": 0.5150862336158752,
      "psnr_db": 20.045431705163786,
      "ssim": 0.5718421455085275
    },
    "frame_000260.jpg": {
      "lpips": 0.5742576718330383,
      "psnr_db": 17.62555575704314,
      "ssim": 0.5751907605236783
    },
    "frame_000300.jpg": {
      "lpips": 0.6218605041503906,
      "psnr_db": 14.064181588742455,
      "ssim": 0.5561666065850589
    },
    "frame_000340.jpg": {
      "lpips": 0.5516026616096497,
      "psnr_db": 15.615862798148335,
      "ssim": 0.6365406078279501
    },
    "frame_000390.jpg": {
      "lpips": 0.5343917608261108,
      "psnr_db": 10.120101237058547,
      "ssim": 0.6291872748010338
    },
    "frame_000440.jpg": {
      "lpips": 0.47230762243270874,
      "psnr_db": 19.478477896927142,
      "ssim": 0.6239490209644577
    },
    "frame_000480.jpg": {
      "lpips": 0.4549548923969269,
      "psnr_db": 20.6447479690003,
      "ssim": 0.7151991003648877
    },
    "frame_000520.jpg": {
      "lpips": 0.4769335389137268,
      "psnr_db": 17.253352316064653,
      "ssim": 0.7094398289532379
    },
    "frame_000590.jpg": {
      "lpips": 0.5032468438148499,
      "psnr_db": 19.476985324869922,
      "ssim": 0.6346611023717471
    },
    "frame_000650.jpg": {
      "lpips": 0.43387866020202637,
      "psnr_db": 19.516592428511423,
      "ssim": 0.6821260177748014
    },
    "frame_000690.jpg": {
      "lpips": 0.46017155051231384,
      "psnr_db": 17.940632736312406,
      "ssim": 0.6462794125828977
    },
    "frame_000730.jpg": {
      "lpips": 0.4193727374076843,
      "psnr_db": 17.94707120919996,
      "ssim": 0.6723467765150082
    },
    "frame_000890.jpg": {
      "lpips": 0.2406901717185974,
      "psnr_db": 26.015467353393223,
      "ssim": 0.8659909895016513
    },
    "frame_001040.jpg": {
      "lpips": 0.3094315230846405,
      "psnr_db": 20.878783993927456,
      "ssim": 0.820724378767424
    },
    "frame_001260.jpg": {
      "lpips": 0.40223315358161926,
      "psnr_db": 19.362276012919434,
      "ssim": 0.7826753302385321
    },
    "frame_001310.jpg": {
      "lpips": 0.2883504331111908,
      "psnr_db": 21.181482245594864,
      "ssim": 0.8526573967501704
    },
    "frame_001390.jpg": {
      "lpips": 0.2023800015449524,
      "psnr_db": 28.2261109962357,
      "ssim": 0.8648239308477135
    },
    "frame_001720.jpg": {
      "lpips": 0.12871617078781128,
      "psnr_db": 27.11389771760193,
      "ssim": 0.9465073471184083
    },
    "frame_002050.jpg": {
      "lpips": 0.242437943816185,
      "psnr_db": 25.247724640665623,
      "ssim": 0.8689814173871029
    },
    "frame_002240.jpg": {
      "lpips": 0.15061736106872559,
      "psnr_db": 29.089246893981944,
      "ssim": 0.9347131630883322
    },
    "frame_002480.jpg": {
      "lpips": 0.22170674800872803,
      "psnr_db": 22.692061232530452,
      "ssim": 0.8915655324330237
    }
  },
  "lpips_mean": 0.3926714366922776,
  "max_vram_mb": 1379.91796875,
  "peak_gaussians": 567179,
  "psnr_db_mean": 20.33252407793807,
  "scene_id": "bonsai",
  "schema_version": 1,
  "ssim_mean": 0.7345545851870813,
  "step": 7000,
  "total_time_seconds": 507.39908900799946,
  "valid_fraction_mean": 1.0
}
