{
  "alpha_coverage": 1.0,
  "psnr_db": 12.617960582140878,
  "psnr_is_infinite": false,
  "rgb_std": 0.05340515449643135,
  "ssim": 0.3249061107635498,
  "valid_fraction": 1.0
}
