{
  "candidate_id": "C1-absgrad-t08-revopacity-v1",
  "hf_l1_mean": 0.21425835996778125,
  "image_count": 26,
  "images": {
    "DJI_20241230093301_0003_V.JPG": {
      "hf_l1": 0.1777498668238322,
      "missing_edge": 0.3661063320983615,
      "spurious_edge": 0.03231643466916788
    },
    "DJI_20241230093317_0004_V.JPG": {
      "hf_l1": 0.21749761294621098,
      "missing_edge": 0.22712543899685744,
      "spurious_edge": 0.031478234360570644
    },
    "DJI_20241230093506_0072_V.JPG": {
      "hf_l1": 0.2540053969661523,
      "missing_edge": 0.30768722456022646,
      "spurious_edge": 0.0396055129112903
    },
    "DJI_20241230093556_0115_V.JPG": {
      "hf_l1": 0.23021264960315108,
      "missing_edge": 0.34042996287012817,
      "spurious_edge": 0.03714629668284614
    },
    "DJI_20241230093602_0121_V.JPG": {
      "hf_l1": 0.2850226923370386,
      "missing_edge": 0.41805831566740353,
      "spurious_edge": 0.04607198228557326
    },
    "DJI_20241230093607_0126_V.JPG": {
      "hf_l1": 0.2846146306339431,
      "missing_edge": 0.3922408506004543,
      "spurious_edge": 0.041825769627684466
    },
    "DJI_20241230093613_0132_V.JPG": {
      "hf_l1": 0.21667485193936642,
      "missing_edge": 0.294086154065293,
      "spurious_edge": 0.029082750056824896
    },
    "DJI_20241230093621_0140_V.JPG": {
      "hf_l1": 0.24405276517028976,
      "missing_edge": 0.3572429164328575,
      "spurious_edge": 0.03935536085150215
    },
    "DJI_20241230093643_0148_V.JPG": {
      "hf_l1": 0.16801856377370325,
      "missing_edge": 0.17362049978773667,
      "spurious_edge": 0.02322700822332659
    },
    "DJI_20241230093656_0161_V.JPG": {
      "hf_l1": 0.19272168204377677,
      "missing_edge": 0.19901843436725458,
      "spurious_edge": 0.026058624112397205
    },
    "DJI_20241230093733_0185_V.JPG": {
      "hf_l1": 0.22556200203426024,
      "missing_edge": 0.322923915409322,
      "spurious_edge": 0.045399126653286395
    },
    "DJI_20241230093735_0187_V.JPG": {
      "hf_l1": 0.2203481783997112,
      "missing_edge": 0.31114078750407087,
      "spurious_edge": 0.04232559040447037
    },
    "DJI_20241230093737_0189_V.JPG": {
      "hf_l1": 0.23208981363026582,
      "missing_edge": 0.31199581649514585,
      "spurious_edge": 0.045334958310050175
    },
    "DJI_20241230093740_0192_V.JPG": {
      "hf_l1": 0.2574660925318131,
      "missing_edge": 0.35244727008392657,
      "spurious_edge": 0.05251538716112227
    },
    "DJI_20241230093742_0194_V.JPG": {
      "hf_l1": 0.25855971068563477,
      "missing_edge": 0.3673717863180568,
      "spurious_edge": 0.050656720540433464
    },
    "DJI_20241230093744_0196_V.JPG": {
      "hf_l1": 0.24963760081033973,
      "missing_edge": 0.3381677097496986,
      "spurious_edge": 0.05264048944397668
    },
    "DJI_20241230093810_0210_V.JPG": {
      "hf_l1": 0.26757511986576027,
      "missing_edge": 0.3956828518532929,
      "spurious_edge": 0.061251970957362865
    },
    "DJI_20241230093929_0242_V.JPG": {
      "hf_l1": 0.18179778533566188,
      "missing_edge": 0.18742414343500274,
      "spurious_edge": 0.022801397127871336
    },
    "DJI_20241230093932_0245_V.JPG": {
      "hf_l1": 0.16450413001723652,
      "missing_edge": 0.1421770470716268,
      "spurious_edge": 0.01961657317023281
    },
    "DJI_20241230093935_0248_V.JPG": {
      "hf_l1": 0.16171276104889967,
      "missing_edge": 0.14910702957906755,
      "spurious_edge": 0.021527783533829205
    },
    "DJI_20241230093938_0251_V.JPG": {
      "hf_l1": 0.16676518843343327,
      "missing_edge": 0.15363546877402467,
      "spurious_edge": 0.021566416492104452
    },
    "DJI_20241230093941_0254_V.JPG": {
      "hf_l1": 0.18050049813546157,
      "missing_edge": 0.1618727005401094,
      "spurious_edge": 0.02437222221756016
    },
    "DJI_20241230094032_0296_V.JPG": {
      "hf_l1": 0.18284971625491814,
      "missing_edge": 0.20473854076377768,
      "spurious_edge": 0.022052581142885077
    },
    "DJI_20241230094038_0299_V.JPG": {
      "hf_l1": 0.18353939384326826,
      "missing_edge": 0.1644448808915119,
      "spurious_edge": 0.022464805776385568
    },
    "DJI_20241230094056_0314_V.JPG": {
      "hf_l1": 0.1833878190817951,
      "missing_edge": 0.20771032460194977,
      "spurious_edge": 0.025697993404489593
    },
    "DJI_20241230094118_0333_V.JPG": {
      "hf_l1": 0.18385083681638847,
      "missing_edge": 0.22243363040752212,
      "spurious_edge": 0.024864002214118074
    }
  },
  "missing_edge_mean": 0.2718803858817184,
  "scene_id": "HCM0421",
  "schema_version": 1,
  "spurious_edge_mean": 0.0346636920127447
}
