{
  "candidate_id": "C1-absgrad-t08-revopacity-v1",
  "config_sha256": "90246d143e91b013b50a5469c0b3fc428e77b3b65d07dadc31945052ea6dd02e",
  "holdout_sha256": "eb1f3c620ddb32feeb68d8ca313fafd1d2a8e4e42cc54b1ad9258cf92b0617a6",
  "image_count": 26,
  "images": {
    "DJI_20241230093301_0003_V.JPG": {
      "lpips": 0.5784394145011902,
      "psnr_db": 5.4516849580771956,
      "ssim": 0.29347758324491435
    },
    "DJI_20241230093317_0004_V.JPG": {
      "lpips": 0.12374485284090042,
      "psnr_db": 25.08923807255953,
      "ssim": 0.791328603211319
    },
    "DJI_20241230093506_0072_V.JPG": {
      "lpips": 0.1658172607421875,
      "psnr_db": 21.451085409326375,
      "ssim": 0.7602369818994017
    },
    "DJI_20241230093556_0115_V.JPG": {
      "lpips": 0.1848941594362259,
      "psnr_db": 22.692962256770418,
      "ssim": 0.7236065831665206
    },
    "DJI_20241230093602_0121_V.JPG": {
      "lpips": 0.21795499324798584,
      "psnr_db": 20.727505380864084,
      "ssim": 0.6688396982143877
    },
    "DJI_20241230093607_0126_V.JPG": {
      "lpips": 0.18934956192970276,
      "psnr_db": 21.023217367171053,
      "ssim": 0.7094640620627178
    },
    "DJI_20241230093613_0132_V.JPG": {
      "lpips": 0.16585157811641693,
      "psnr_db": 23.66674006300627,
      "ssim": 0.7928704448577057
    },
    "DJI_20241230093621_0140_V.JPG": {
      "lpips": 0.17215506732463837,
      "psnr_db": 22.220794141170042,
      "ssim": 0.7340878819623932
    },
    "DJI_20241230093643_0148_V.JPG": {
      "lpips": 0.09919488430023193,
      "psnr_db": 25.437508449143852,
      "ssim": 0.8696595756343136
    },
    "DJI_20241230093656_0161_V.JPG": {
      "lpips": 0.11229481548070908,
      "psnr_db": 25.60241408583427,
      "ssim": 0.8387218960014408
    },
    "DJI_20241230093733_0185_V.JPG": {
      "lpips": 0.18200881779193878,
      "psnr_db": 19.113281590949494,
      "ssim": 0.7065106726336661
    },
    "DJI_20241230093735_0187_V.JPG": {
      "lpips": 0.17548342049121857,
      "psnr_db": 18.619207920434008,
      "ssim": 0.7206961454700952
    },
    "DJI_20241230093737_0189_V.JPG": {
      "lpips": 0.18274849653244019,
      "psnr_db": 19.884035805940165,
      "ssim": 0.7075696490059332
    },
    "DJI_20241230093740_0192_V.JPG": {
      "lpips": 0.21772709488868713,
      "psnr_db": 18.185242527841552,
      "ssim": 0.64596871335861
    },
    "DJI_20241230093742_0194_V.JPG": {
      "lpips": 0.22346694767475128,
      "psnr_db": 17.862133884903642,
      "ssim": 0.6510402477668026
    },
    "DJI_20241230093744_0196_V.JPG": {
      "lpips": 0.20452700555324554,
      "psnr_db": 18.626026111009725,
      "ssim": 0.678671249098337
    },
    "DJI_20241230093810_0210_V.JPG": {
      "lpips": 0.2775515913963318,
      "psnr_db": 16.467146394053934,
      "ssim": 0.5820181482265885
    },
    "DJI_20241230093929_0242_V.JPG": {
      "lpips": 0.1057739406824112,
      "psnr_db": 24.05895651941111,
      "ssim": 0.8536312220352822
    },
    "DJI_20241230093932_0245_V.JPG": {
      "lpips": 0.08413135260343552,
      "psnr_db": 27.1578027959232,
      "ssim": 0.8885008615377571
    },
    "DJI_20241230093935_0248_V.JPG": {
      "lpips": 0.08391767740249634,
      "psnr_db": 27.075384858826922,
      "ssim": 0.8748976493874199
    },
    "DJI_20241230093938_0251_V.JPG": {
      "lpips": 0.09057555347681046,
      "psnr_db": 27.33316905084136,
      "ssim": 0.8688251173152138
    },
    "DJI_20241230093941_0254_V.JPG": {
      "lpips": 0.10609022527933121,
      "psnr_db": 26.785453823641898,
      "ssim": 0.8555621523761029
    },
    "DJI_20241230094032_0296_V.JPG": {
      "lpips": 0.11182539165019989,
      "psnr_db": 25.601591784302684,
      "ssim": 0.8261833094378694
    },
    "DJI_20241230094038_0299_V.JPG": {
      "lpips": 0.09761856496334076,
      "psnr_db": 26.850351052275453,
      "ssim": 0.8631208680993037
    },
    "DJI_20241230094056_0314_V.JPG": {
      "lpips": 0.10582378506660461,
      "psnr_db": 26.185253952469157,
      "ssim": 0.8469841826388135
    },
    "DJI_20241230094118_0333_V.JPG": {
      "lpips": 0.12838596105575562,
      "psnr_db": 26.02418728448719,
      "ssim": 0.8233859716124611
    }
  },
  "lpips_mean": 0.16874432363189185,
  "max_vram_mb": 3200.5556640625,
  "peak_gaussians": 1835760,
  "psnr_db_mean": 22.27662982850902,
  "scene_id": "HCM0421",
  "schema_version": 1,
  "ssim_mean": 0.7529176719328988,
  "step": 7000,
  "total_time_seconds": 647.0468197009998,
  "valid_fraction_mean": 0.9888470141250729
}
