{
  "alpha_coverage": 1.0,
  "psnr_db": 14.33795682561501,
  "psnr_is_infinite": false,
  "rgb_std": 0.08715757727622986,
  "ssim": 0.4934268593788147,
  "valid_fraction": 1.0
}
