{
  "candidate_id": "C1-absgrad-t08-revopacity-v1",
  "hf_l1_mean": 0.2014291357479812,
  "image_count": 24,
  "images": {
    "DJI_20241220145649_0055_V.JPG": {
      "hf_l1": 0.15274134514718346,
      "missing_edge": 0.28163528264459986,
      "spurious_edge": 0.03986373480052053
    },
    "DJI_20241220145910_0141_V.JPG": {
      "hf_l1": 0.23596776310659093,
      "missing_edge": 0.3968361948218614,
      "spurious_edge": 0.05319307291178554
    },
    "DJI_20241220145932_0147_V.JPG": {
      "hf_l1": 0.1677888160616455,
      "missing_edge": 0.20427543841379103,
      "spurious_edge": 0.03589164526036749
    },
    "DJI_20241220150056_0185_V.JPG": {
      "hf_l1": 0.1857644893411603,
      "missing_edge": 0.2871770797529337,
      "spurious_edge": 0.06842316184461564
    },
    "DJI_20241220150100_0189_V.JPG": {
      "hf_l1": 0.21011302356221465,
      "missing_edge": 0.28910499048089566,
      "spurious_edge": 0.06468695091293132
    },
    "DJI_20241220150108_0197_V.JPG": {
      "hf_l1": 0.219064929963406,
      "missing_edge": 0.31725322947310375,
      "spurious_edge": 0.06943960440216994
    },
    "DJI_20241220150120_0209_V.JPG": {
      "hf_l1": 0.199488019137428,
      "missing_edge": 0.3210906199649811,
      "spurious_edge": 0.06762666957057314
    },
    "DJI_20241220150142_0213_V.JPG": {
      "hf_l1": 0.24330660308551513,
      "missing_edge": 0.36888778919773463,
      "spurious_edge": 0.08436208675693153
    },
    "DJI_20241220150144_0215_V.JPG": {
      "hf_l1": 0.19883765033310566,
      "missing_edge": 0.2953212654560831,
      "spurious_edge": 0.06793255412765506
    },
    "DJI_20241220150146_0217_V.JPG": {
      "hf_l1": 0.1966099290832551,
      "missing_edge": 0.30016348140090643,
      "spurious_edge": 0.06548293351702503
    },
    "DJI_20241220150150_0221_V.JPG": {
      "hf_l1": 0.2032739567626542,
      "missing_edge": 0.35108949355318547,
      "spurious_edge": 0.08385394436256954
    },
    "DJI_20241220150154_0225_V.JPG": {
      "hf_l1": 0.20993145331865004,
      "missing_edge": 0.3133300460468174,
      "spurious_edge": 0.07985769101149619
    },
    "DJI_20241220150158_0229_V.JPG": {
      "hf_l1": 0.19961241183619935,
      "missing_edge": 0.31861519463870364,
      "spurious_edge": 0.06804755135899047
    },
    "DJI_20241220150200_0231_V.JPG": {
      "hf_l1": 0.21508906296053962,
      "missing_edge": 0.3731967760132596,
      "spurious_edge": 0.06441640251303682
    },
    "DJI_20241220150202_0233_V.JPG": {
      "hf_l1": 0.23354635580812605,
      "missing_edge": 0.37556905786295314,
      "spurious_edge": 0.07216128478202886
    },
    "DJI_20241220150206_0237_V.JPG": {
      "hf_l1": 0.21657380444545374,
      "missing_edge": 0.3689468141697687,
      "spurious_edge": 0.0869556957720887
    },
    "DJI_20241220150245_0249_V.JPG": {
      "hf_l1": 0.18022314736612546,
      "missing_edge": 0.2094625739973343,
      "spurious_edge": 0.03544113395733121
    },
    "DJI_20241220150251_0255_V.JPG": {
      "hf_l1": 0.16669006621259286,
      "missing_edge": 0.21825099704120066,
      "spurious_edge": 0.03358519110139581
    },
    "DJI_20241220150259_0263_V.JPG": {
      "hf_l1": 0.1983724753993272,
      "missing_edge": 0.2694172060149112,
      "spurious_edge": 0.0409037883008533
    },
    "DJI_20241220150307_0271_V.JPG": {
      "hf_l1": 0.18408052121764837,
      "missing_edge": 0.21412708769008404,
      "spurious_edge": 0.040819695503940184
    },
    "DJI_20241220150542_0357_V.JPG": {
      "hf_l1": 0.16641948305994567,
      "missing_edge": 0.21196960689909775,
      "spurious_edge": 0.034072887622606435
    },
    "DJI_20241220151101_0485_V.JPG": {
      "hf_l1": 0.2370129627326617,
      "missing_edge": 0.3444378352054135,
      "spurious_edge": 0.05814922986425179
    },
    "DJI_20241220151113_0497_V.JPG": {
      "hf_l1": 0.21016266575827863,
      "missing_edge": 0.30436654031406946,
      "spurious_edge": 0.03830830452218332
    },
    "DJI_20241220151136_0501_V.JPG": {
      "hf_l1": 0.203628322251841,
      "missing_edge": 0.29985328956182566,
      "spurious_edge": 0.02998751028269816
    }
  },
  "missing_edge_mean": 0.3014324121089798,
  "scene_id": "HNI0265",
  "schema_version": 1,
  "spurious_edge_mean": 0.05764428021083525
}
