{
  "candidate_id": "C1-absgrad-t08-revopacity-v1",
  "config_sha256": "684588c75796d7f19e0bd40811e00537ae25cb9a40ec468804f2b826416679c7",
  "holdout_sha256": "bf4aa7a13d2f83fc07e42222e4351ae0a6a019c4896256d6c654b04702536a80",
  "image_count": 24,
  "images": {
    "DJI_20241220145649_0055_V.JPG": {
      "lpips": 0.16886849701404572,
      "psnr_db": 25.422710109050225,
      "ssim": 0.8185616545237155
    },
    "DJI_20241220145910_0141_V.JPG": {
      "lpips": 0.19961045682430267,
      "psnr_db": 21.948672637256216,
      "ssim": 0.6964437545252334
    },
    "DJI_20241220145932_0147_V.JPG": {
      "lpips": 0.1263246238231659,
      "psnr_db": 25.80491883605916,
      "ssim": 0.8467634881632251
    },
    "DJI_20241220150056_0185_V.JPG": {
      "lpips": 0.1929841935634613,
      "psnr_db": 21.438155011940268,
      "ssim": 0.7058400294339351
    },
    "DJI_20241220150100_0189_V.JPG": {
      "lpips": 0.1806795597076416,
      "psnr_db": 22.036224919745194,
      "ssim": 0.7154882855723337
    },
    "DJI_20241220150108_0197_V.JPG": {
      "lpips": 0.1925807148218155,
      "psnr_db": 21.22447901269515,
      "ssim": 0.6779299951957332
    },
    "DJI_20241220150120_0209_V.JPG": {
      "lpips": 0.20907561480998993,
      "psnr_db": 21.83977638645406,
      "ssim": 0.7005664403227087
    },
    "DJI_20241220150142_0213_V.JPG": {
      "lpips": 0.22213631868362427,
      "psnr_db": 20.411232381504018,
      "ssim": 0.5924895350949301
    },
    "DJI_20241220150144_0215_V.JPG": {
      "lpips": 0.1777527630329132,
      "psnr_db": 22.2237909030531,
      "ssim": 0.7013628201281382
    },
    "DJI_20241220150146_0217_V.JPG": {
      "lpips": 0.1824530065059662,
      "psnr_db": 22.20214806481192,
      "ssim": 0.7020150124598086
    },
    "DJI_20241220150150_0221_V.JPG": {
      "lpips": 0.2280712127685547,
      "psnr_db": 20.346400181339924,
      "ssim": 0.639598640941174
    },
    "DJI_20241220150154_0225_V.JPG": {
      "lpips": 0.21139490604400635,
      "psnr_db": 20.98057560813332,
      "ssim": 0.66256684505576
    },
    "DJI_20241220150158_0229_V.JPG": {
      "lpips": 0.1820448637008667,
      "psnr_db": 21.016994881666925,
      "ssim": 0.686606421489775
    },
    "DJI_20241220150200_0231_V.JPG": {
      "lpips": 0.19787265360355377,
      "psnr_db": 20.334593673516164,
      "ssim": 0.6662744248793793
    },
    "DJI_20241220150202_0233_V.JPG": {
      "lpips": 0.22165441513061523,
      "psnr_db": 20.428566494148246,
      "ssim": 0.636430277323306
    },
    "DJI_20241220150206_0237_V.JPG": {
      "lpips": 0.23603680729866028,
      "psnr_db": 20.221903629400334,
      "ssim": 0.6007154490060812
    },
    "DJI_20241220150245_0249_V.JPG": {
      "lpips": 0.12286048382520676,
      "psnr_db": 24.793080265093145,
      "ssim": 0.8453025267228579
    },
    "DJI_20241220150251_0255_V.JPG": {
      "lpips": 0.12168605625629425,
      "psnr_db": 25.309097193298587,
      "ssim": 0.8414597074456285
    },
    "DJI_20241220150259_0263_V.JPG": {
      "lpips": 0.12809035181999207,
      "psnr_db": 25.42423049793086,
      "ssim": 0.798908210044409
    },
    "DJI_20241220150307_0271_V.JPG": {
      "lpips": 0.13758070766925812,
      "psnr_db": 26.032785525004705,
      "ssim": 0.8259917995709122
    },
    "DJI_20241220150542_0357_V.JPG": {
      "lpips": 0.1153852567076683,
      "psnr_db": 26.63701475627655,
      "ssim": 0.8633563995840909
    },
    "DJI_20241220151101_0485_V.JPG": {
      "lpips": 0.19442400336265564,
      "psnr_db": 22.99998672971097,
      "ssim": 0.7126725123426315
    },
    "DJI_20241220151113_0497_V.JPG": {
      "lpips": 0.1569824367761612,
      "psnr_db": 24.487922710153697,
      "ssim": 0.802845780176001
    },
    "DJI_20241220151136_0501_V.JPG": {
      "lpips": 0.1858517825603485,
      "psnr_db": 24.493294554674332,
      "ssim": 0.8101366062950804
    }
  },
  "lpips_mean": 0.17885007026294866,
  "max_vram_mb": 3534.65673828125,
  "peak_gaussians": 2012680,
  "psnr_db_mean": 22.835773123454874,
  "scene_id": "HNI0265",
  "schema_version": 1,
  "ssim_mean": 0.7312636090123686,
  "step": 7000,
  "total_time_seconds": 715.0938896980001,
  "valid_fraction_mean": 1.0
}
