{
  "alpha_coverage": 1.0,
  "psnr_db": 6.729658457935168,
  "psnr_is_infinite": false,
  "rgb_std": 0.15352347493171692,
  "ssim": 0.31965065002441406,
  "valid_fraction": 0.988847017288208
}
