{
  "final": {
    "alpha_coverage": 1.0,
    "psnr_db": 27.334968142865627,
    "psnr_is_infinite": false,
    "rgb_std": 0.24487298727035522,
    "ssim": 0.8858897089958191,
    "valid_fraction": 0.988847017288208
  },
  "final_render_non_blank": true,
  "initial": {
    "alpha_coverage": 1.0,
    "psnr_db": 11.142587676189436,
    "psnr_is_infinite": false,
    "rgb_std": 0.08221601694822311,
    "ssim": 0.30836594104766846,
    "valid_fraction": 0.988847017288208
  },
  "psnr_delta_db": 16.19238046667619,
  "quality_improved": true,
  "ssim_delta": 0.5775237679481506,
  "train_camera_index": 0
}
