{
  "candidate_id": "B0-reference",
  "config_sha256": "86989ee9012761b28a89f357bef0d9dc572aeff1d366b3ddf00134ae3785f819",
  "holdout_sha256": "eb1f3c620ddb32feeb68d8ca313fafd1d2a8e4e42cc54b1ad9258cf92b0617a6",
  "image_count": 26,
  "images": {
    "DJI_20241230093301_0003_V.JPG": {
      "lpips": 0.5440644025802612,
      "psnr_db": 6.560473781583472,
      "ssim": 0.4028967837473886
    },
    "DJI_20241230093317_0004_V.JPG": {
      "lpips": 0.1454077959060669,
      "psnr_db": 24.284120050093932,
      "ssim": 0.7757755189986312
    },
    "DJI_20241230093506_0072_V.JPG": {
      "lpips": 0.18217666447162628,
      "psnr_db": 20.948469133592713,
      "ssim": 0.7390194415516904
    },
    "DJI_20241230093556_0115_V.JPG": {
      "lpips": 0.1936374306678772,
      "psnr_db": 22.283790105331622,
      "ssim": 0.7075400809481164
    },
    "DJI_20241230093602_0121_V.JPG": {
      "lpips": 0.2225283980369568,
      "psnr_db": 20.251320729267256,
      "ssim": 0.6563136401128452
    },
    "DJI_20241230093607_0126_V.JPG": {
      "lpips": 0.19389048218727112,
      "psnr_db": 20.56582969482768,
      "ssim": 0.6986144616995639
    },
    "DJI_20241230093613_0132_V.JPG": {
      "lpips": 0.17042821645736694,
      "psnr_db": 23.252511257206926,
      "ssim": 0.7803439596728986
    },
    "DJI_20241230093621_0140_V.JPG": {
      "lpips": 0.1724262684583664,
      "psnr_db": 21.599744844604647,
      "ssim": 0.7187606422669792
    },
    "DJI_20241230093643_0148_V.JPG": {
      "lpips": 0.1071302741765976,
      "psnr_db": 25.231324106706143,
      "ssim": 0.8578645310286032
    },
    "DJI_20241230093656_0161_V.JPG": {
      "lpips": 0.12553703784942627,
      "psnr_db": 24.32791711294451,
      "ssim": 0.8241993495579268
    },
    "DJI_20241230093733_0185_V.JPG": {
      "lpips": 0.19416552782058716,
      "psnr_db": 18.87607561466171,
      "ssim": 0.6938392686302541
    },
    "DJI_20241230093735_0187_V.JPG": {
      "lpips": 0.18797682225704193,
      "psnr_db": 18.40865129601019,
      "ssim": 0.7065449031105787
    },
    "DJI_20241230093737_0189_V.JPG": {
      "lpips": 0.19787341356277466,
      "psnr_db": 19.49253680945173,
      "ssim": 0.6936333018296033
    },
    "DJI_20241230093740_0192_V.JPG": {
      "lpips": 0.2366924285888672,
      "psnr_db": 18.181170123188362,
      "ssim": 0.6355912909247452
    },
    "DJI_20241230093742_0194_V.JPG": {
      "lpips": 0.23725324869155884,
      "psnr_db": 17.868387793713623,
      "ssim": 0.6408750869026417
    },
    "DJI_20241230093744_0196_V.JPG": {
      "lpips": 0.21835234761238098,
      "psnr_db": 18.53012111317043,
      "ssim": 0.673090032853627
    },
    "DJI_20241230093810_0210_V.JPG": {
      "lpips": 0.29482409358024597,
      "psnr_db": 16.23931016510426,
      "ssim": 0.5716057020321739
    },
    "DJI_20241230093929_0242_V.JPG": {
      "lpips": 0.11950504779815674,
      "psnr_db": 24.21223860937788,
      "ssim": 0.8419210783076255
    },
    "DJI_20241230093932_0245_V.JPG": {
      "lpips": 0.09573420882225037,
      "psnr_db": 26.55132647827483,
      "ssim": 0.8733981636505453
    },
    "DJI_20241230093935_0248_V.JPG": {
      "lpips": 0.10244125127792358,
      "psnr_db": 26.16893094522301,
      "ssim": 0.8548921800815754
    },
    "DJI_20241230093938_0251_V.JPG": {
      "lpips": 0.10813546180725098,
      "psnr_db": 26.19329483596119,
      "ssim": 0.8502845644692424
    },
    "DJI_20241230093941_0254_V.JPG": {
      "lpips": 0.11991264671087265,
      "psnr_db": 26.119505102833763,
      "ssim": 0.8397960840277011
    },
    "DJI_20241230094032_0296_V.JPG": {
      "lpips": 0.12682045996189117,
      "psnr_db": 25.28522327338444,
      "ssim": 0.8161336829027728
    },
    "DJI_20241230094038_0299_V.JPG": {
      "lpips": 0.11478886753320694,
      "psnr_db": 26.021318566193628,
      "ssim": 0.847885004527935
    },
    "DJI_20241230094056_0314_V.JPG": {
      "lpips": 0.12120826542377472,
      "psnr_db": 24.714466580019298,
      "ssim": 0.8312153071041823
    },
    "DJI_20241230094118_0333_V.JPG": {
      "lpips": 0.14452630281448364,
      "psnr_db": 24.96685511683888,
      "ssim": 0.8052684118069241
    }
  },
  "lpips_mean": 0.17990143711750323,
  "max_vram_mb": 6137.068359375,
  "peak_gaussians": 3576315,
  "psnr_db_mean": 21.812881278444852,
  "scene_id": "HCM0421",
  "schema_version": 1,
  "ssim_mean": 0.7437424027979527,
  "step": 7000,
  "total_time_seconds": 928.243959163,
  "valid_fraction_mean": 0.9888470141250729
}
