{
  "final": {
    "alpha_coverage": 1.0,
    "psnr_db": 29.725223456530514,
    "psnr_is_infinite": false,
    "rgb_std": 0.22040264308452606,
    "ssim": 0.8960890173912048,
    "valid_fraction": 0.9902334809303284
  },
  "final_render_non_blank": true,
  "initial": {
    "alpha_coverage": 1.0,
    "psnr_db": 11.41824485391261,
    "psnr_is_infinite": false,
    "rgb_std": 0.06823165714740753,
    "ssim": 0.3786904811859131,
    "valid_fraction": 0.9902334809303284
  },
  "psnr_delta_db": 18.306978602617903,
  "quality_improved": true,
  "ssim_delta": 0.5173985362052917,
  "train_camera_index": 0
}
