{
  "candidate_id": "C1-absgrad-t08-revopacity-v1",
  "hf_l1_mean": 0.2139529593838822,
  "image_count": 10,
  "images": {
    "DJI_20241230175128_0108_V.JPG": {
      "hf_l1": 0.24493796474228996,
      "missing_edge": 0.4692863578128671,
      "spurious_edge": 0.045551258337649704
    },
    "DJI_20241230175151_0131_V.JPG": {
      "hf_l1": 0.24375788402072204,
      "missing_edge": 0.4566971435440092,
      "spurious_edge": 0.045853273578474366
    },
    "DJI_20241230175337_0179_V.JPG": {
      "hf_l1": 0.2034402298726274,
      "missing_edge": 0.31223867626641105,
      "spurious_edge": 0.06145907353175373
    },
    "DJI_20241230175354_0196_V.JPG": {
      "hf_l1": 0.2019410005965801,
      "missing_edge": 0.28784190343348615,
      "spurious_edge": 0.05700964001243613
    },
    "DJI_20241230175435_0216_V.JPG": {
      "hf_l1": 0.21674875813388733,
      "missing_edge": 0.32820211310610387,
      "spurious_edge": 0.06121574665332179
    },
    "DJI_20241230175442_0223_V.JPG": {
      "hf_l1": 0.20533288734607125,
      "missing_edge": 0.298236392222824,
      "spurious_edge": 0.06567156056848339
    },
    "DJI_20241230175450_0231_V.JPG": {
      "hf_l1": 0.24409054483453457,
      "missing_edge": 0.3855619429986068,
      "spurious_edge": 0.09877491167638441
    },
    "DJI_20241230175458_0239_V.JPG": {
      "hf_l1": 0.2572034828148253,
      "missing_edge": 0.39405474536775764,
      "spurious_edge": 0.10689048951651484
    },
    "DJI_20241230175559_0266_V.JPG": {
      "hf_l1": 0.17502346751882106,
      "missing_edge": 0.2419755619138082,
      "spurious_edge": 0.030690091158557965
    },
    "DJI_20241230175646_0302_V.JPG": {
      "hf_l1": 0.14705337395846294,
      "missing_edge": 0.200882407933114,
      "spurious_edge": 0.021842707746483343
    }
  },
  "missing_edge_mean": 0.3374977244598988,
  "scene_id": "HCM1439",
  "schema_version": 1,
  "spurious_edge_mean": 0.05949587527800596
}
