{
  "candidate_id": "C1-absgrad-t08-revopacity-v1",
  "config_sha256": "bde62954c33a74f81c9abc4c094ef94234fdf95e996cf3959c13144f69ca851c",
  "holdout_sha256": "e44ce53dc135d9ba66b1f4cf7879e4702299a7c773b9edb8902979cd2ebbce9e",
  "image_count": 10,
  "images": {
    "DJI_20241230175128_0108_V.JPG": {
      "lpips": 0.28232628107070923,
      "psnr_db": 19.395944873674264,
      "ssim": 0.6186275923274108
    },
    "DJI_20241230175151_0131_V.JPG": {
      "lpips": 0.2697209417819977,
      "psnr_db": 20.04971784145512,
      "ssim": 0.5970657080403318
    },
    "DJI_20241230175337_0179_V.JPG": {
      "lpips": 0.19789521396160126,
      "psnr_db": 20.81301773396465,
      "ssim": 0.6645487061371363
    },
    "DJI_20241230175354_0196_V.JPG": {
      "lpips": 0.19420671463012695,
      "psnr_db": 20.94867851605222,
      "ssim": 0.6824193076081477
    },
    "DJI_20241230175435_0216_V.JPG": {
      "lpips": 0.22256775200366974,
      "psnr_db": 19.681160833957303,
      "ssim": 0.6480425128010481
    },
    "DJI_20241230175442_0223_V.JPG": {
      "lpips": 0.1918278932571411,
      "psnr_db": 20.84647929035636,
      "ssim": 0.6904677287796783
    },
    "DJI_20241230175450_0231_V.JPG": {
      "lpips": 0.28788846731185913,
      "psnr_db": 17.846204920240034,
      "ssim": 0.5383590049562653
    },
    "DJI_20241230175458_0239_V.JPG": {
      "lpips": 0.32699328660964966,
      "psnr_db": 16.761171463730836,
      "ssim": 0.5248876159488202
    },
    "DJI_20241230175559_0266_V.JPG": {
      "lpips": 0.1469813585281372,
      "psnr_db": 24.39101986571368,
      "ssim": 0.8029043446536457
    },
    "DJI_20241230175646_0302_V.JPG": {
      "lpips": 0.11364984512329102,
      "psnr_db": 26.334247654532092,
      "ssim": 0.861295032936924
    }
  },
  "lpips_mean": 0.2234057754278183,
  "max_vram_mb": 3413.6220703125,
  "peak_gaussians": 1946647,
  "psnr_db_mean": 20.706764299367656,
  "scene_id": "HCM1439",
  "schema_version": 1,
  "ssim_mean": 0.6628617554189409,
  "step": 7000,
  "total_time_seconds": 655.659093918,
  "valid_fraction_mean": 0.9902334773416677
}
