{
  "final": {
    "alpha_coverage": 1.0,
    "psnr_db": 24.465702006456077,
    "psnr_is_infinite": false,
    "rgb_std": 0.25442269444465637,
    "ssim": 0.8736023902893066,
    "valid_fraction": 0.9887581467628479
  },
  "final_render_non_blank": true,
  "initial": {
    "alpha_coverage": 1.0,
    "psnr_db": 11.915582539210124,
    "psnr_is_infinite": false,
    "rgb_std": 0.1014753133058548,
    "ssim": 0.29388153553009033,
    "valid_fraction": 0.9887581467628479
  },
  "psnr_delta_db": 12.550119467245953,
  "quality_improved": true,
  "ssim_delta": 0.5797208547592163,
  "train_camera_index": 0
}
