{
  "candidate_id": "C1-absgrad-t08-revopacity-v1",
  "hf_l1_mean": 0.23716135419261306,
  "image_count": 25,
  "images": {
    "DJI_20241229103156_0001_V.JPG": {
      "hf_l1": 0.2608770414067517,
      "missing_edge": 0.33648980104510695,
      "spurious_edge": 0.03411744060573126
    },
    "DJI_20241229103333_0019_V.JPG": {
      "hf_l1": 0.23483626165899757,
      "missing_edge": 0.2360980838559556,
      "spurious_edge": 0.02899026426747355
    },
    "DJI_20241229103347_0033_V.JPG": {
      "hf_l1": 0.23052830047936704,
      "missing_edge": 0.19652627674679496,
      "spurious_edge": 0.028378734770751427
    },
    "DJI_20241229103413_0055_V.JPG": {
      "hf_l1": 0.2437695116152904,
      "missing_edge": 0.28448231573780286,
      "spurious_edge": 0.032902904058802855
    },
    "DJI_20241229103441_0073_V.JPG": {
      "hf_l1": 0.25136864084850186,
      "missing_edge": 0.3514289183975447,
      "spurious_edge": 0.028876386855561643
    },
    "DJI_20241229103452_0084_V.JPG": {
      "hf_l1": 0.2757069489278079,
      "missing_edge": 0.33176667701859835,
      "spurious_edge": 0.03610764386259271
    },
    "DJI_20241229103457_0089_V.JPG": {
      "hf_l1": 0.2694271153574643,
      "missing_edge": 0.40038902977442037,
      "spurious_edge": 0.0366087040478856
    },
    "DJI_20241229103502_0094_V.JPG": {
      "hf_l1": 0.22850462323827098,
      "missing_edge": 0.35908255119645005,
      "spurious_edge": 0.032989287524352026
    },
    "DJI_20241229103507_0099_V.JPG": {
      "hf_l1": 0.26526253644516323,
      "missing_edge": 0.45951315739526777,
      "spurious_edge": 0.03177971901896859
    },
    "DJI_20241229103807_0187_V.JPG": {
      "hf_l1": 0.26613534292547786,
      "missing_edge": 0.33432641121376483,
      "spurious_edge": 0.04835111940600597
    },
    "DJI_20241229103814_0194_V.JPG": {
      "hf_l1": 0.2773293585471078,
      "missing_edge": 0.3132016042885403,
      "spurious_edge": 0.04293139394507952
    },
    "DJI_20241229103817_0197_V.JPG": {
      "hf_l1": 0.2506807603543915,
      "missing_edge": 0.31772027798446684,
      "spurious_edge": 0.03773601371804359
    },
    "DJI_20241229103819_0199_V.JPG": {
      "hf_l1": 0.24600140369975854,
      "missing_edge": 0.27619750633340007,
      "spurious_edge": 0.03228650930366331
    },
    "DJI_20241229103823_0203_V.JPG": {
      "hf_l1": 0.20266486634019962,
      "missing_edge": 0.22986640005637307,
      "spurious_edge": 0.02462708561342763
    },
    "DJI_20241229103826_0206_V.JPG": {
      "hf_l1": 0.212045615267647,
      "missing_edge": 0.24228827245865844,
      "spurious_edge": 0.028242369528452917
    },
    "DJI_20241229103829_0209_V.JPG": {
      "hf_l1": 0.23813440068922123,
      "missing_edge": 0.27354104681067526,
      "spurious_edge": 0.03363378876684829
    },
    "DJI_20241229103851_0211_V.JPG": {
      "hf_l1": 0.20999576544605034,
      "missing_edge": 0.19875661838615363,
      "spurious_edge": 0.021955196893956582
    },
    "DJI_20241229103903_0223_V.JPG": {
      "hf_l1": 0.24480141566740984,
      "missing_edge": 0.3036286844510332,
      "spurious_edge": 0.03830749063079736
    },
    "DJI_20241229103906_0226_V.JPG": {
      "hf_l1": 0.2611414260249554,
      "missing_edge": 0.30811822495170466,
      "spurious_edge": 0.040239311567761595
    },
    "DJI_20241229103911_0231_V.JPG": {
      "hf_l1": 0.22374687455053724,
      "missing_edge": 0.2145926570767779,
      "spurious_edge": 0.032001695332195976
    },
    "DJI_20241229103916_0236_V.JPG": {
      "hf_l1": 0.24052007287530627,
      "missing_edge": 0.27026245490272927,
      "spurious_edge": 0.03818198710729052
    },
    "DJI_20241229104005_0248_V.JPG": {
      "hf_l1": 0.19692017508097082,
      "missing_edge": 0.20953673628964897,
      "spurious_edge": 0.02334969440348595
    },
    "DJI_20241229104012_0255_V.JPG": {
      "hf_l1": 0.2007785571049819,
      "missing_edge": 0.1810415075824393,
      "spurious_edge": 0.02227808699930354
    },
    "DJI_20241229104056_0285_V.JPG": {
      "hf_l1": 0.20173086476493962,
      "missing_edge": 0.22148682578391457,
      "spurious_edge": 0.021223272960931936
    },
    "DJI_20241229104114_0297_V.JPG": {
      "hf_l1": 0.19612597549875727,
      "missing_edge": 0.208566776578366,
      "spurious_edge": 0.020598712068833097
    }
  },
  "missing_edge_mean": 0.2823563526526635,
  "scene_id": "HCM0181",
  "schema_version": 1,
  "spurious_edge_mean": 0.0318677925303279
}
