{
  "candidate_id": "C1-absgrad-t08-revopacity-v1",
  "config_sha256": "d315b6b4d15430c2b8a2b95202003cb1a3d6bb8d5062e11495b7aade671d3386",
  "holdout_sha256": "0d39a9f2ec144f06640470cc3fca10cf355b37c9c04c619ec756991d2d36aec5",
  "image_count": 25,
  "images": {
    "DJI_20241229103156_0001_V.JPG": {
      "lpips": 0.17548194527626038,
      "psnr_db": 20.57760515970032,
      "ssim": 0.7329779417015694
    },
    "DJI_20241229103333_0019_V.JPG": {
      "lpips": 0.1353607177734375,
      "psnr_db": 23.595424376801972,
      "ssim": 0.806712753000894
    },
    "DJI_20241229103347_0033_V.JPG": {
      "lpips": 0.10836288332939148,
      "psnr_db": 22.92237086598458,
      "ssim": 0.8458682547884655
    },
    "DJI_20241229103413_0055_V.JPG": {
      "lpips": 0.14010900259017944,
      "psnr_db": 22.000933062939097,
      "ssim": 0.7977499059817384
    },
    "DJI_20241229103441_0073_V.JPG": {
      "lpips": 0.19516664743423462,
      "psnr_db": 22.093263403702892,
      "ssim": 0.7828993082125107
    },
    "DJI_20241229103452_0084_V.JPG": {
      "lpips": 0.17345398664474487,
      "psnr_db": 21.154751298251227,
      "ssim": 0.7153266202950005
    },
    "DJI_20241229103457_0089_V.JPG": {
      "lpips": 0.2080073207616806,
      "psnr_db": 21.008487642061265,
      "ssim": 0.717186932306804
    },
    "DJI_20241229103502_0094_V.JPG": {
      "lpips": 0.19348150491714478,
      "psnr_db": 22.59363949879546,
      "ssim": 0.7503666052987807
    },
    "DJI_20241229103507_0099_V.JPG": {
      "lpips": 0.20714464783668518,
      "psnr_db": 20.13591321844476,
      "ssim": 0.6992771184417707
    },
    "DJI_20241229103807_0187_V.JPG": {
      "lpips": 0.21603325009346008,
      "psnr_db": 18.798711123805635,
      "ssim": 0.6825778881634902
    },
    "DJI_20241229103814_0194_V.JPG": {
      "lpips": 0.19942587614059448,
      "psnr_db": 19.025924618190857,
      "ssim": 0.7144474659286733
    },
    "DJI_20241229103817_0197_V.JPG": {
      "lpips": 0.19536656141281128,
      "psnr_db": 19.41063436440427,
      "ssim": 0.7079187285118961
    },
    "DJI_20241229103819_0199_V.JPG": {
      "lpips": 0.16417866945266724,
      "psnr_db": 21.233323226246043,
      "ssim": 0.772659179171396
    },
    "DJI_20241229103823_0203_V.JPG": {
      "lpips": 0.11463180184364319,
      "psnr_db": 23.054746924598298,
      "ssim": 0.8318759078364805
    },
    "DJI_20241229103826_0206_V.JPG": {
      "lpips": 0.12100094556808472,
      "psnr_db": 22.41485560719063,
      "ssim": 0.8078595520901591
    },
    "DJI_20241229103829_0209_V.JPG": {
      "lpips": 0.16068026423454285,
      "psnr_db": 21.51486491711285,
      "ssim": 0.762272172183953
    },
    "DJI_20241229103851_0211_V.JPG": {
      "lpips": 0.10673857480287552,
      "psnr_db": 24.557631730458116,
      "ssim": 0.8560152039996246
    },
    "DJI_20241229103903_0223_V.JPG": {
      "lpips": 0.16409030556678772,
      "psnr_db": 20.023613967288828,
      "ssim": 0.7380522270470442
    },
    "DJI_20241229103906_0226_V.JPG": {
      "lpips": 0.18215614557266235,
      "psnr_db": 19.402736278283825,
      "ssim": 0.725213752477974
    },
    "DJI_20241229103911_0231_V.JPG": {
      "lpips": 0.13747552037239075,
      "psnr_db": 22.389264120178044,
      "ssim": 0.8056878757391239
    },
    "DJI_20241229103916_0236_V.JPG": {
      "lpips": 0.17014943063259125,
      "psnr_db": 20.239558473573155,
      "ssim": 0.748569380311737
    },
    "DJI_20241229104005_0248_V.JPG": {
      "lpips": 0.10111014544963837,
      "psnr_db": 25.284093534724377,
      "ssim": 0.8371129165012672
    },
    "DJI_20241229104012_0255_V.JPG": {
      "lpips": 0.10236387699842453,
      "psnr_db": 25.01911785252915,
      "ssim": 0.8488186352912602
    },
    "DJI_20241229104056_0285_V.JPG": {
      "lpips": 0.12107924371957779,
      "psnr_db": 25.02874569799949,
      "ssim": 0.8482214554393127
    },
    "DJI_20241229104114_0297_V.JPG": {
      "lpips": 0.1074516698718071,
      "psnr_db": 25.23172353074348,
      "ssim": 0.8640934157475993
    }
  },
  "lpips_mean": 0.15602003753185273,
  "max_vram_mb": 3684.88232421875,
  "peak_gaussians": 2088549,
  "psnr_db_mean": 21.948477379760348,
  "scene_id": "HCM0181",
  "schema_version": 1,
  "ssim_mean": 0.7759904478587409,
  "step": 7000,
  "total_time_seconds": 723.0299999619999,
  "valid_fraction_mean": 0.9887581579189263
}
