{
  "final": {
    "alpha_coverage": 1.0,
    "psnr_db": 23.61536818957464,
    "psnr_is_infinite": false,
    "rgb_std": 0.25394946336746216,
    "ssim": 0.8461841940879822,
    "valid_fraction": 0.9887581467628479
  },
  "final_render_non_blank": true,
  "initial": {
    "alpha_coverage": 1.0,
    "psnr_db": 11.915582539210124,
    "psnr_is_infinite": false,
    "rgb_std": 0.1014753133058548,
    "ssim": 0.29388153553009033,
    "valid_fraction": 0.9887581467628479
  },
  "psnr_delta_db": 11.699785650364515,
  "quality_improved": true,
  "ssim_delta": 0.5523026585578918,
  "train_camera_index": 0
}
