{
  "candidate_id": "B0-compact",
  "config_sha256": "dbdc29844a93e5f577a818a9c2d0e5f8e8b3de06d617648f524fb824e9d1e4d4",
  "holdout_sha256": "0d39a9f2ec144f06640470cc3fca10cf355b37c9c04c619ec756991d2d36aec5",
  "image_count": 25,
  "images": {
    "DJI_20241229103156_0001_V.JPG": {
      "lpips": 0.193658709526062,
      "psnr_db": 20.537710685258837,
      "ssim": 0.7273842456208209
    },
    "DJI_20241229103333_0019_V.JPG": {
      "lpips": 0.1688719093799591,
      "psnr_db": 22.869869949430672,
      "ssim": 0.7758293863543749
    },
    "DJI_20241229103347_0033_V.JPG": {
      "lpips": 0.1349562555551529,
      "psnr_db": 22.476101398492716,
      "ssim": 0.8268702407586143
    },
    "DJI_20241229103413_0055_V.JPG": {
      "lpips": 0.15434320271015167,
      "psnr_db": 21.784250616258426,
      "ssim": 0.7799773121643377
    },
    "DJI_20241229103441_0073_V.JPG": {
      "lpips": 0.21040722727775574,
      "psnr_db": 21.76254151321786,
      "ssim": 0.7707353768062388
    },
    "DJI_20241229103452_0084_V.JPG": {
      "lpips": 0.18718966841697693,
      "psnr_db": 20.96375644234147,
      "ssim": 0.7045826333756604
    },
    "DJI_20241229103457_0089_V.JPG": {
      "lpips": 0.2218925505876541,
      "psnr_db": 20.783824781472866,
      "ssim": 0.7049179505432965
    },
    "DJI_20241229103502_0094_V.JPG": {
      "lpips": 0.21604084968566895,
      "psnr_db": 22.166711561748727,
      "ssim": 0.736441509382037
    },
    "DJI_20241229103507_0099_V.JPG": {
      "lpips": 0.22374333441257477,
      "psnr_db": 19.878750827789727,
      "ssim": 0.683119568803797
    },
    "DJI_20241229103807_0187_V.JPG": {
      "lpips": 0.23366563022136688,
      "psnr_db": 18.493078478295743,
      "ssim": 0.6769987995183707
    },
    "DJI_20241229103814_0194_V.JPG": {
      "lpips": 0.22377504408359528,
      "psnr_db": 18.78085889043364,
      "ssim": 0.70041101597088
    },
    "DJI_20241229103817_0197_V.JPG": {
      "lpips": 0.21865704655647278,
      "psnr_db": 19.05602343384193,
      "ssim": 0.6910729701700544
    },
    "DJI_20241229103819_0199_V.JPG": {
      "lpips": 0.18855944275856018,
      "psnr_db": 20.586370568607826,
      "ssim": 0.7485650361162663
    },
    "DJI_20241229103823_0203_V.JPG": {
      "lpips": 0.14379847049713135,
      "psnr_db": 22.26676010419746,
      "ssim": 0.8033404263368259
    },
    "DJI_20241229103826_0206_V.JPG": {
      "lpips": 0.14777609705924988,
      "psnr_db": 21.76637686214212,
      "ssim": 0.781379284050111
    },
    "DJI_20241229103829_0209_V.JPG": {
      "lpips": 0.18913158774375916,
      "psnr_db": 20.81327312692234,
      "ssim": 0.7407498915326813
    },
    "DJI_20241229103851_0211_V.JPG": {
      "lpips": 0.13276074826717377,
      "psnr_db": 23.444956055377855,
      "ssim": 0.8327161374433516
    },
    "DJI_20241229103903_0223_V.JPG": {
      "lpips": 0.18584240972995758,
      "psnr_db": 19.684553070763013,
      "ssim": 0.7230625852329128
    },
    "DJI_20241229103906_0226_V.JPG": {
      "lpips": 0.20006287097930908,
      "psnr_db": 19.30927951223602,
      "ssim": 0.7163569120418176
    },
    "DJI_20241229103911_0231_V.JPG": {
      "lpips": 0.16038796305656433,
      "psnr_db": 21.85107521419724,
      "ssim": 0.7833104950304479
    },
    "DJI_20241229103916_0236_V.JPG": {
      "lpips": 0.18463529646396637,
      "psnr_db": 19.848518366521255,
      "ssim": 0.7344135139554536
    },
    "DJI_20241229104005_0248_V.JPG": {
      "lpips": 0.12219550460577011,
      "psnr_db": 24.98439233100799,
      "ssim": 0.827442089512785
    },
    "DJI_20241229104012_0255_V.JPG": {
      "lpips": 0.13107657432556152,
      "psnr_db": 24.601764708477614,
      "ssim": 0.8313118131599654
    },
    "DJI_20241229104056_0285_V.JPG": {
      "lpips": 0.13392610847949982,
      "psnr_db": 24.86453851375299,
      "ssim": 0.8385786017644846
    },
    "DJI_20241229104114_0297_V.JPG": {
      "lpips": 0.12018144130706787,
      "psnr_db": 25.06576260987757,
      "ssim": 0.8563180074922386
    }
  },
  "lpips_mean": 0.1771014377474785,
  "max_vram_mb": 4207.39599609375,
  "peak_gaussians": 2402119,
  "psnr_db_mean": 21.545643984906555,
  "scene_id": "HCM0181",
  "schema_version": 1,
  "ssim_mean": 0.759835432125513,
  "step": 7000,
  "total_time_seconds": 715.8605524549994,
  "valid_fraction_mean": 0.9887581579189263
}
