{
  "final": {
    "alpha_coverage": 1.0,
    "psnr_db": 27.01686783011795,
    "psnr_is_infinite": false,
    "rgb_std": 0.17322497069835663,
    "ssim": 0.827083945274353,
    "valid_fraction": 1.0
  },
  "final_render_non_blank": true,
  "initial": {
    "alpha_coverage": 1.0,
    "psnr_db": 13.771366340302396,
    "psnr_is_infinite": false,
    "rgb_std": 0.09046792984008789,
    "ssim": 0.30677270889282227,
    "valid_fraction": 1.0
  },
  "psnr_delta_db": 13.245501489815553,
  "quality_improved": true,
  "ssim_delta": 0.5203112363815308,
  "train_camera_index": 0
}
