{
  "candidate_id": "B0-reference",
  "config_sha256": "bc69031edad0a6840d29199f5036902fe5e3b8b4a1896494d40c89daba8969b4",
  "holdout_sha256": "bf4aa7a13d2f83fc07e42222e4351ae0a6a019c4896256d6c654b04702536a80",
  "image_count": 24,
  "images": {
    "DJI_20241220145649_0055_V.JPG": {
      "lpips": 0.19726905226707458,
      "psnr_db": 24.991248481118408,
      "ssim": 0.7870144737518778
    },
    "DJI_20241220145910_0141_V.JPG": {
      "lpips": 0.22334331274032593,
      "psnr_db": 21.670480529886788,
      "ssim": 0.6651998451069515
    },
    "DJI_20241220145932_0147_V.JPG": {
      "lpips": 0.140405535697937,
      "psnr_db": 25.324394037084502,
      "ssim": 0.829932997676915
    },
    "DJI_20241220150056_0185_V.JPG": {
      "lpips": 0.20520833134651184,
      "psnr_db": 21.232763464728013,
      "ssim": 0.6943778959214274
    },
    "DJI_20241220150100_0189_V.JPG": {
      "lpips": 0.19227281212806702,
      "psnr_db": 21.63944431223119,
      "ssim": 0.7020460609354316
    },
    "DJI_20241220150108_0197_V.JPG": {
      "lpips": 0.2125578373670578,
      "psnr_db": 21.11498486025592,
      "ssim": 0.6642000317507104
    },
    "DJI_20241220150120_0209_V.JPG": {
      "lpips": 0.2287052720785141,
      "psnr_db": 21.9307879241006,
      "ssim": 0.6840299873891259
    },
    "DJI_20241220150142_0213_V.JPG": {
      "lpips": 0.24769431352615356,
      "psnr_db": 20.379070714193116,
      "ssim": 0.5775471218593777
    },
    "DJI_20241220150144_0215_V.JPG": {
      "lpips": 0.19917792081832886,
      "psnr_db": 22.133709678479484,
      "ssim": 0.6790658763571156
    },
    "DJI_20241220150146_0217_V.JPG": {
      "lpips": 0.2017427384853363,
      "psnr_db": 22.301804683857767,
      "ssim": 0.6891610921917404
    },
    "DJI_20241220150150_0221_V.JPG": {
      "lpips": 0.24768716096878052,
      "psnr_db": 19.982969557550376,
      "ssim": 0.6275754966901079
    },
    "DJI_20241220150154_0225_V.JPG": {
      "lpips": 0.22290535271167755,
      "psnr_db": 20.95393380816548,
      "ssim": 0.651027590580574
    },
    "DJI_20241220150158_0229_V.JPG": {
      "lpips": 0.1997450292110443,
      "psnr_db": 20.63229812847611,
      "ssim": 0.6662628098767273
    },
    "DJI_20241220150200_0231_V.JPG": {
      "lpips": 0.21010909974575043,
      "psnr_db": 19.936520677085962,
      "ssim": 0.6525209695958392
    },
    "DJI_20241220150202_0233_V.JPG": {
      "lpips": 0.23047828674316406,
      "psnr_db": 20.203338902251314,
      "ssim": 0.623500623063856
    },
    "DJI_20241220150206_0237_V.JPG": {
      "lpips": 0.25258079171180725,
      "psnr_db": 20.189766980041174,
      "ssim": 0.5940861977728036
    },
    "DJI_20241220150245_0249_V.JPG": {
      "lpips": 0.13862858712673187,
      "psnr_db": 24.46125342828525,
      "ssim": 0.8299532397171505
    },
    "DJI_20241220150251_0255_V.JPG": {
      "lpips": 0.13784028589725494,
      "psnr_db": 24.763765534918537,
      "ssim": 0.8272555015135279
    },
    "DJI_20241220150259_0263_V.JPG": {
      "lpips": 0.14120016992092133,
      "psnr_db": 25.15661227740501,
      "ssim": 0.7862512638742417
    },
    "DJI_20241220150307_0271_V.JPG": {
      "lpips": 0.15344177186489105,
      "psnr_db": 25.83763335911314,
      "ssim": 0.809901601552433
    },
    "DJI_20241220150542_0357_V.JPG": {
      "lpips": 0.129334956407547,
      "psnr_db": 26.415176991688742,
      "ssim": 0.8496580707950497
    },
    "DJI_20241220151101_0485_V.JPG": {
      "lpips": 0.2035714089870453,
      "psnr_db": 23.229162748493177,
      "ssim": 0.7007012746014575
    },
    "DJI_20241220151113_0497_V.JPG": {
      "lpips": 0.15881527960300446,
      "psnr_db": 24.05339592042531,
      "ssim": 0.7924045353947182
    },
    "DJI_20241220151136_0501_V.JPG": {
      "lpips": 0.18506214022636414,
      "psnr_db": 24.383570989648476,
      "ssim": 0.8080572307685058
    }
  },
  "lpips_mean": 0.19415739364922047,
  "max_vram_mb": 5780.37158203125,
  "peak_gaussians": 3341315,
  "psnr_db_mean": 22.621586999561828,
  "scene_id": "HNI0265",
  "schema_version": 1,
  "ssim_mean": 0.7163221578640694,
  "step": 7000,
  "total_time_seconds": 882.6564321829992,
  "valid_fraction_mean": 1.0
}
