{
  "total_steps": 7000,
  "total_time_seconds": 882.6564321829992,
  "final_loss": 0.04022977873682976,
  "final_num_gaussians": 3238225,
  "max_vram_mb": 5780.37158203125
}