{
  "final": {
    "alpha_coverage": 1.0,
    "psnr_db": 27.487460880735092,
    "psnr_is_infinite": false,
    "rgb_std": 0.24283404648303986,
    "ssim": 0.8708690404891968,
    "valid_fraction": 0.988847017288208
  },
  "final_render_non_blank": true,
  "initial": {
    "alpha_coverage": 1.0,
    "psnr_db": 11.142587676189436,
    "psnr_is_infinite": false,
    "rgb_std": 0.08221601694822311,
    "ssim": 0.30836594104766846,
    "valid_fraction": 0.988847017288208
  },
  "psnr_delta_db": 16.344873204545657,
  "quality_improved": true,
  "ssim_delta": 0.5625030994415283,
  "train_camera_index": 0
}
