{
  "candidate_id": "B0-compact",
  "config_sha256": "7721f0306a7f4eb51778b9b76264d9e4a020cd14b01d7a83418d20fedbb8399b",
  "holdout_sha256": "eb1f3c620ddb32feeb68d8ca313fafd1d2a8e4e42cc54b1ad9258cf92b0617a6",
  "image_count": 26,
  "images": {
    "DJI_20241230093301_0003_V.JPG": {
      "lpips": 0.5527588129043579,
      "psnr_db": 7.235423326231251,
      "ssim": 0.4467090024979364
    },
    "DJI_20241230093317_0004_V.JPG": {
      "lpips": 0.1680830419063568,
      "psnr_db": 24.85484550123865,
      "ssim": 0.7677952986798696
    },
    "DJI_20241230093506_0072_V.JPG": {
      "lpips": 0.2123318761587143,
      "psnr_db": 20.875914114340105,
      "ssim": 0.7217601127335485
    },
    "DJI_20241230093556_0115_V.JPG": {
      "lpips": 0.2162385880947113,
      "psnr_db": 22.087243942901633,
      "ssim": 0.6973908572151893
    },
    "DJI_20241230093602_0121_V.JPG": {
      "lpips": 0.23976564407348633,
      "psnr_db": 20.042777812735668,
      "ssim": 0.6451632672457582
    },
    "DJI_20241230093607_0126_V.JPG": {
      "lpips": 0.21351879835128784,
      "psnr_db": 20.384003327853577,
      "ssim": 0.682028088671922
    },
    "DJI_20241230093613_0132_V.JPG": {
      "lpips": 0.19345059990882874,
      "psnr_db": 22.94883767336868,
      "ssim": 0.7617395636486105
    },
    "DJI_20241230093621_0140_V.JPG": {
      "lpips": 0.19141453504562378,
      "psnr_db": 21.64944248855018,
      "ssim": 0.7118143021108034
    },
    "DJI_20241230093643_0148_V.JPG": {
      "lpips": 0.12647674977779388,
      "psnr_db": 24.877433167048085,
      "ssim": 0.8455397200750209
    },
    "DJI_20241230093656_0161_V.JPG": {
      "lpips": 0.14386597275733948,
      "psnr_db": 25.182688915357865,
      "ssim": 0.8149439316330055
    },
    "DJI_20241230093733_0185_V.JPG": {
      "lpips": 0.20800238847732544,
      "psnr_db": 18.740907577448187,
      "ssim": 0.6880577351470322
    },
    "DJI_20241230093735_0187_V.JPG": {
      "lpips": 0.19794882833957672,
      "psnr_db": 18.335646483737335,
      "ssim": 0.7021203367252374
    },
    "DJI_20241230093737_0189_V.JPG": {
      "lpips": 0.21149346232414246,
      "psnr_db": 19.416646898032223,
      "ssim": 0.6894231304504418
    },
    "DJI_20241230093740_0192_V.JPG": {
      "lpips": 0.25643154978752136,
      "psnr_db": 17.889445533833022,
      "ssim": 0.6297105140707981
    },
    "DJI_20241230093742_0194_V.JPG": {
      "lpips": 0.25795960426330566,
      "psnr_db": 17.77503495574204,
      "ssim": 0.6329239705113769
    },
    "DJI_20241230093744_0196_V.JPG": {
      "lpips": 0.24092772603034973,
      "psnr_db": 18.161147339858253,
      "ssim": 0.6626984899188256
    },
    "DJI_20241230093810_0210_V.JPG": {
      "lpips": 0.31101876497268677,
      "psnr_db": 16.057740926108245,
      "ssim": 0.5704121164195162
    },
    "DJI_20241230093929_0242_V.JPG": {
      "lpips": 0.14155660569667816,
      "psnr_db": 23.336764817537645,
      "ssim": 0.8262243248473017
    },
    "DJI_20241230093932_0245_V.JPG": {
      "lpips": 0.11579051613807678,
      "psnr_db": 26.546212969340242,
      "ssim": 0.8578332733599596
    },
    "DJI_20241230093935_0248_V.JPG": {
      "lpips": 0.11962006986141205,
      "psnr_db": 26.39555289117416,
      "ssim": 0.8413223541603226
    },
    "DJI_20241230093938_0251_V.JPG": {
      "lpips": 0.1286095529794693,
      "psnr_db": 26.55292203020934,
      "ssim": 0.8377634422108959
    },
    "DJI_20241230093941_0254_V.JPG": {
      "lpips": 0.1458764374256134,
      "psnr_db": 26.082345048285156,
      "ssim": 0.8259215083352103
    },
    "DJI_20241230094032_0296_V.JPG": {
      "lpips": 0.14854660630226135,
      "psnr_db": 25.087678515086466,
      "ssim": 0.8014843911438004
    },
    "DJI_20241230094038_0299_V.JPG": {
      "lpips": 0.136405348777771,
      "psnr_db": 26.309529892134435,
      "ssim": 0.8342755180326409
    },
    "DJI_20241230094056_0314_V.JPG": {
      "lpips": 0.14222627878189087,
      "psnr_db": 25.662654805533517,
      "ssim": 0.8167584687694192
    },
    "DJI_20241230094118_0333_V.JPG": {
      "lpips": 0.16584405303001404,
      "psnr_db": 25.677989445337293,
      "ssim": 0.7940144611650455
    }
  },
  "lpips_mean": 0.1994677850833306,
  "max_vram_mb": 3347.6416015625,
  "peak_gaussians": 1932596,
  "psnr_db_mean": 21.85257039996243,
  "scene_id": "HCM0421",
  "schema_version": 1,
  "ssim_mean": 0.7348395453761343,
  "step": 7000,
  "total_time_seconds": 594.6248251239995,
  "valid_fraction_mean": 0.9888470141250729
}
