{
  "baseline_lpips_mean": 0.1899260659315265,
  "candidate_id": "C1-absgrad-t08-revopacity-v1",
  "candidate_lpips_mean": 0.17932214220874332,
  "gates": {
    "aggregate_lpips_not_worse": true,
    "at_least_four_positive": true,
    "edge_errors_not_both_worse": true,
    "mean_delta_positive": true,
    "resources_valid": true
  },
  "mean_delta_score50": 0.8231526410443379,
  "median_delta_score50": 0.9204476717909671,
  "missing_edge_delta_mean": -0.007946673789416917,
  "phase": "C1-phase-B",
  "phase_b_passed": true,
  "positive_scene_count": 5,
  "requires_negative_scene_review": false,
  "scenes": [
    "hcm0031",
    "HCM0181",
    "HCM0421",
    "HCM1439",
    "HNI0131",
    "HNI0265"
  ],
  "scenes_detail": {
    "HCM0181": {
      "baseline_lpips": 0.16030097484588623,
      "baseline_psnr_db": 21.73258902542801,
      "baseline_score50": 69.67930989787882,
      "baseline_ssim": 0.7683931825485822,
      "candidate_hf_l1": 0.23716135419261306,
      "candidate_lpips": 0.15602003753185273,
      "candidate_psnr_db": 21.948477379760348,
      "candidate_score50": 70.20799836234434,
      "candidate_ssim": 0.7759904478587409,
      "delta_score50": 0.5286884644655174,
      "max_vram_mb": 3684.88232421875,
      "missing_edge_delta": -0.005074751528280241,
      "peak_gaussians": 2088549,
      "spurious_edge_delta": 0.00017163512731693809,
      "total_time_seconds": 723.0299999619999
    },
    "HCM0421": {
      "baseline_lpips": 0.17990143711750323,
      "baseline_psnr_db": 21.812881278444852,
      "baseline_score50": 68.20394336630537,
      "baseline_ssim": 0.7437424027979527,
      "candidate_hf_l1": 0.21425835996778125,
      "candidate_lpips": 0.16874432363189185,
      "candidate_psnr_db": 22.27662982850902,
      "candidate_score50": 69.2037351098167,
      "candidate_ssim": 0.7529176719328988,
      "delta_score50": 0.9997917435113379,
      "max_vram_mb": 3200.5556640625,
      "missing_edge_delta": -0.009319511037622463,
      "peak_gaussians": 1835760,
      "spurious_edge_delta": 0.0010297009908425275,
      "total_time_seconds": 647.0468197009998
    },
    "HCM1439": {
      "baseline_lpips": 0.24517740607261657,
      "baseline_psnr_db": 20.482540219735345,
      "baseline_score50": 61.9791830192473,
      "baseline_ssim": 0.6498918376770253,
      "candidate_hf_l1": 0.2139529593838822,
      "candidate_lpips": 0.2234057754278183,
      "candidate_psnr_db": 20.706764299367656,
      "candidate_score50": 63.373680225076086,
      "candidate_ssim": 0.6628617554189409,
      "delta_score50": 1.3944972058287846,
      "max_vram_mb": 3413.6220703125,
      "missing_edge_delta": -0.008166367675002895,
      "peak_gaussians": 1946647,
      "spurious_edge_delta": 0.0017317834645002791,
      "total_time_seconds": 655.659093918
    },
    "HNI0131": {
      "baseline_lpips": 0.19948921874165534,
      "baseline_psnr_db": 22.237384582130034,
      "baseline_score50": 67.95943941332342,
      "baseline_ssim": 0.7532192471237207,
      "candidate_hf_l1": 0.17167243938582877,
      "candidate_lpips": 0.18743576645851134,
      "candidate_psnr_db": 22.461023075042295,
      "candidate_score50": 68.80054301339402,
      "candidate_ssim": 0.7607119942236364,
      "delta_score50": 0.8411036000705963,
      "max_vram_mb": 2970.51025390625,
      "missing_edge_delta": -0.013689957218614268,
      "peak_gaussians": 1679822,
      "spurious_edge_delta": 0.0007856489813230574,
      "total_time_seconds": 656.1043554529999
    },
    "HNI0265": {
      "baseline_lpips": 0.19415739364922047,
      "baseline_psnr_db": 22.621586999561828,
      "baseline_score50": 67.29632118969036,
      "baseline_ssim": 0.7163221578640694,
      "candidate_hf_l1": 0.2014291357479812,
      "candidate_lpips": 0.17885007026294866,
      "candidate_psnr_db": 22.835773123454874,
      "candidate_score50": 68.48536933392604,
      "candidate_ssim": 0.7312636090123686,
      "delta_score50": 1.1890481442356844,
      "max_vram_mb": 3534.65673828125,
      "missing_edge_delta": -0.012030578351697852,
      "peak_gaussians": 2012680,
      "spurious_edge_delta": 0.000951371466242544,
      "total_time_seconds": 715.0938896980001
    },
    "hcm0031": {
      "baseline_lpips": 0.16052996516227722,
      "baseline_psnr_db": 22.78547751193812,
      "baseline_score50": 70.56667592602551,
      "baseline_ssim": 0.7772196008451242,
      "candidate_hf_l1": 0.19866284846682492,
      "candidate_lpips": 0.1614768799394369,
      "candidate_psnr_db": 22.907883548669805,
      "candidate_score50": 70.55246261417962,
      "candidate_ssim": 0.7755602560851736,
      "delta_score50": -0.014213311845892918,
      "max_vram_mb": 3702.90576171875,
      "missing_edge_delta": 0.0006011230747162144,
      "peak_gaussians": 2114736,
      "spurious_edge_delta": -0.0002667714446959596,
      "total_time_seconds": 720.021973614
    }
  },
  "schema_version": 1,
  "selected_candidate": "C1-absgrad-t08-revopacity-v1",
  "sign_test_p_value": 0.21875,
  "spurious_edge_delta_mean": 0.0007338947642548978
}
