{
  "final": {
    "alpha_coverage": 1.0,
    "psnr_db": 18.14517639904796,
    "psnr_is_infinite": false,
    "rgb_std": 0.27257227897644043,
    "ssim": 0.6811274290084839,
    "valid_fraction": 0.9897435903549194
  },
  "final_render_non_blank": true,
  "initial": {
    "alpha_coverage": 1.0,
    "psnr_db": 12.159648747067495,
    "psnr_is_infinite": false,
    "rgb_std": 0.11630789190530777,
    "ssim": 0.3159615397453308,
    "valid_fraction": 0.9897435903549194
  },
  "psnr_delta_db": 5.985527651980464,
  "quality_improved": true,
  "ssim_delta": 0.3651658892631531,
  "train_camera_index": 0
}
