{
  "final": {
    "alpha_coverage": 1.0,
    "psnr_db": 17.99212320400424,
    "psnr_is_infinite": false,
    "rgb_std": 0.23750561475753784,
    "ssim": 0.5480689406394958,
    "valid_fraction": 0.9887581467628479
  },
  "final_render_non_blank": true,
  "initial": {
    "alpha_coverage": 1.0,
    "psnr_db": 11.915582539210124,
    "psnr_is_infinite": false,
    "rgb_std": 0.1014753133058548,
    "ssim": 0.29388153553009033,
    "valid_fraction": 0.9887581467628479
  },
  "psnr_delta_db": 6.076540664794116,
  "quality_improved": true,
  "ssim_delta": 0.2541874051094055,
  "train_camera_index": 0
}
