{
  "candidate_id": "B0-reference",
  "hf_l1_mean": 0.20183174137316778,
  "image_count": 20,
  "images": {
    "DJI_20241227155159_0002_V.JPG": {
      "hf_l1": 0.15878240332306592,
      "missing_edge": 0.4438921901144503,
      "spurious_edge": 0.018163408109159857
    },
    "DJI_20241227155227_0003_V.JPG": {
      "hf_l1": 0.21436116194358978,
      "missing_edge": 0.2168419254450898,
      "spurious_edge": 0.042276742222619776
    },
    "DJI_20241227155420_0048_V.JPG": {
      "hf_l1": 0.2003626897897069,
      "missing_edge": 0.3133372672002982,
      "spurious_edge": 0.043108469044462895
    },
    "DJI_20241227155506_0088_V.JPG": {
      "hf_l1": 0.25334921808340927,
      "missing_edge": 0.3042899196782643,
      "spurious_edge": 0.04088343315931462
    },
    "DJI_20241227155542_0110_V.JPG": {
      "hf_l1": 0.2513999939200486,
      "missing_edge": 0.3694818067524409,
      "spurious_edge": 0.0411500579813139
    },
    "DJI_20241227155549_0117_V.JPG": {
      "hf_l1": 0.26057873898684686,
      "missing_edge": 0.3982417456006662,
      "spurious_edge": 0.044249390925786156
    },
    "DJI_20241227155558_0126_V.JPG": {
      "hf_l1": 0.2452624064111045,
      "missing_edge": 0.3851628210543651,
      "spurious_edge": 0.03918544795167651
    },
    "DJI_20241227155605_0133_V.JPG": {
      "hf_l1": 0.2327193848074512,
      "missing_edge": 0.3252368786635377,
      "spurious_edge": 0.03584256267468634
    },
    "DJI_20241227155720_0179_V.JPG": {
      "hf_l1": 0.1725402862503583,
      "missing_edge": 0.20189830834982406,
      "spurious_edge": 0.024338041598055388
    },
    "DJI_20241227155732_0191_V.JPG": {
      "hf_l1": 0.1674865311053797,
      "missing_edge": 0.17494098983562303,
      "spurious_edge": 0.023803210965009064
    },
    "DJI_20241227155750_0201_V.JPG": {
      "hf_l1": 0.21914541050786207,
      "missing_edge": 0.2326571999403169,
      "spurious_edge": 0.02830738855117867
    },
    "DJI_20241227155756_0207_V.JPG": {
      "hf_l1": 0.18111594939461834,
      "missing_edge": 0.2216615847946073,
      "spurious_edge": 0.02656376477514484
    },
    "DJI_20241227155759_0210_V.JPG": {
      "hf_l1": 0.1781530951818789,
      "missing_edge": 0.2119940317193728,
      "spurious_edge": 0.029992523152192547
    },
    "DJI_20241227155802_0213_V.JPG": {
      "hf_l1": 0.1768752247389136,
      "missing_edge": 0.24345171128947604,
      "spurious_edge": 0.03251310248418508
    },
    "DJI_20241227155807_0218_V.JPG": {
      "hf_l1": 0.17550493640382903,
      "missing_edge": 0.2073176532743772,
      "spurious_edge": 0.027361863982966333
    },
    "DJI_20241227155811_0222_V.JPG": {
      "hf_l1": 0.20149120902716577,
      "missing_edge": 0.24465223354293852,
      "spurious_edge": 0.03148542440580582
    },
    "DJI_20241227155815_0226_V.JPG": {
      "hf_l1": 0.18393399988104436,
      "missing_edge": 0.19265840779683518,
      "spurious_edge": 0.02736830494416457
    },
    "DJI_20241227155818_0229_V.JPG": {
      "hf_l1": 0.19995904650501917,
      "missing_edge": 0.23594047897596354,
      "spurious_edge": 0.029492421196625603
    },
    "DJI_20241227155949_0282_V.JPG": {
      "hf_l1": 0.15689285856843582,
      "missing_edge": 0.16089144851395282,
      "spurious_edge": 0.023300041535279935
    },
    "DJI_20241227160012_0299_V.JPG": {
      "hf_l1": 0.2067202826336283,
      "missing_edge": 0.23863121616958585,
      "spurious_edge": 0.02523416851568015
    }
  },
  "missing_edge_mean": 0.2661589909355993,
  "scene_id": "hcm0031",
  "schema_version": 1,
  "spurious_edge_mean": 0.0317309884087654
}
