{
  "candidate_id": "B0-reference",
  "hf_l1_mean": 0.24111250086495117,
  "image_count": 25,
  "images": {
    "DJI_20241229103156_0001_V.JPG": {
      "hf_l1": 0.26747131917521727,
      "missing_edge": 0.34565034079313445,
      "spurious_edge": 0.0342670745062187
    },
    "DJI_20241229103333_0019_V.JPG": {
      "hf_l1": 0.23850428154740758,
      "missing_edge": 0.24526928195932385,
      "spurious_edge": 0.028595289293226456
    },
    "DJI_20241229103347_0033_V.JPG": {
      "hf_l1": 0.23423650215351627,
      "missing_edge": 0.19798637610905936,
      "spurious_edge": 0.028393105732354602
    },
    "DJI_20241229103413_0055_V.JPG": {
      "hf_l1": 0.2467289964775935,
      "missing_edge": 0.28663603076872834,
      "spurious_edge": 0.032216926981456014
    },
    "DJI_20241229103441_0073_V.JPG": {
      "hf_l1": 0.25062672867976743,
      "missing_edge": 0.34614903752937737,
      "spurious_edge": 0.028176385235228415
    },
    "DJI_20241229103452_0084_V.JPG": {
      "hf_l1": 0.2771617049216965,
      "missing_edge": 0.3303962706858411,
      "spurious_edge": 0.0364849043315827
    },
    "DJI_20241229103457_0089_V.JPG": {
      "hf_l1": 0.2716051721641563,
      "missing_edge": 0.3935246906977863,
      "spurious_edge": 0.03712850329269516
    },
    "DJI_20241229103502_0094_V.JPG": {
      "hf_l1": 0.2299452114194944,
      "missing_edge": 0.3613395420678154,
      "spurious_edge": 0.03305943997874447
    },
    "DJI_20241229103507_0099_V.JPG": {
      "hf_l1": 0.2665888471703292,
      "missing_edge": 0.45986574237210676,
      "spurious_edge": 0.03196708788547748
    },
    "DJI_20241229103807_0187_V.JPG": {
      "hf_l1": 0.27014105577273967,
      "missing_edge": 0.3434462163899596,
      "spurious_edge": 0.046793497786893457
    },
    "DJI_20241229103814_0194_V.JPG": {
      "hf_l1": 0.28511251962917106,
      "missing_edge": 0.32301178205040565,
      "spurious_edge": 0.0418971129602093
    },
    "DJI_20241229103817_0197_V.JPG": {
      "hf_l1": 0.25721942150344235,
      "missing_edge": 0.32981881972252086,
      "spurious_edge": 0.03747540730801728
    },
    "DJI_20241229103819_0199_V.JPG": {
      "hf_l1": 0.25377840058828927,
      "missing_edge": 0.2878497942541738,
      "spurious_edge": 0.0327536347323382
    },
    "DJI_20241229103823_0203_V.JPG": {
      "hf_l1": 0.20901838643377812,
      "missing_edge": 0.24152431685564277,
      "spurious_edge": 0.02536613116892794
    },
    "DJI_20241229103826_0206_V.JPG": {
      "hf_l1": 0.21716473411928125,
      "missing_edge": 0.2581543028070472,
      "spurious_edge": 0.027887498640601166
    },
    "DJI_20241229103829_0209_V.JPG": {
      "hf_l1": 0.24633817979954178,
      "missing_edge": 0.28683488404914625,
      "spurious_edge": 0.03386517027314685
    },
    "DJI_20241229103851_0211_V.JPG": {
      "hf_l1": 0.2143584999342138,
      "missing_edge": 0.2040028592343176,
      "spurious_edge": 0.022144360034016767
    },
    "DJI_20241229103903_0223_V.JPG": {
      "hf_l1": 0.25076920968442556,
      "missing_edge": 0.30916344015464337,
      "spurious_edge": 0.03881853619992966
    },
    "DJI_20241229103906_0226_V.JPG": {
      "hf_l1": 0.2667950590181838,
      "missing_edge": 0.31515625364369054,
      "spurious_edge": 0.039371976584171804
    },
    "DJI_20241229103911_0231_V.JPG": {
      "hf_l1": 0.2281138367076463,
      "missing_edge": 0.2248585172562355,
      "spurious_edge": 0.031077023864505445
    },
    "DJI_20241229103916_0236_V.JPG": {
      "hf_l1": 0.2467884706699422,
      "missing_edge": 0.2777953506755143,
      "spurious_edge": 0.0377922979826846
    },
    "DJI_20241229104005_0248_V.JPG": {
      "hf_l1": 0.19889688960021912,
      "missing_edge": 0.21172349714513897,
      "spurious_edge": 0.023383017450696132
    },
    "DJI_20241229104012_0255_V.JPG": {
      "hf_l1": 0.20400059531855771,
      "missing_edge": 0.18302720353450272,
      "spurious_edge": 0.022308165333625986
    },
    "DJI_20241229104056_0285_V.JPG": {
      "hf_l1": 0.20110902424590876,
      "missing_edge": 0.21698785698104184,
      "spurious_edge": 0.020943055178613577
    },
    "DJI_20241229104114_0297_V.JPG": {
      "hf_l1": 0.19533947488926015,
      "missing_edge": 0.20560519678643896,
      "spurious_edge": 0.020238332339911853
    }
  },
  "missing_edge_mean": 0.28743110418094375,
  "scene_id": "HCM0181",
  "schema_version": 1,
  "spurious_edge_mean": 0.03169615740301096
}
