{
  "candidate_id": "B0-reference",
  "hf_l1_mean": 0.17520747382154378,
  "image_count": 25,
  "images": {
    "DJI_20241227152907_0001_V.JPG": {
      "hf_l1": 0.15224643512385483,
      "missing_edge": 0.8489679312277439,
      "spurious_edge": 0.029775346860102594
    },
    "DJI_20241227152924_0002_V.JPG": {
      "hf_l1": 0.15340612586941196,
      "missing_edge": 0.5310159946715861,
      "spurious_edge": 0.016093894697652177
    },
    "DJI_20241227152959_0004_V.JPG": {
      "hf_l1": 0.23692589301688763,
      "missing_edge": 0.289768087341825,
      "spurious_edge": 0.03532612388639082
    },
    "DJI_20241227154431_0063_V.JPG": {
      "hf_l1": 0.16772071986143483,
      "missing_edge": 0.2584053683157092,
      "spurious_edge": 0.024765369114991737
    },
    "DJI_20241227154439_0071_V.JPG": {
      "hf_l1": 0.17999742118742884,
      "missing_edge": 0.251981378257428,
      "spurious_edge": 0.02893659112692746
    },
    "DJI_20241227154455_0081_V.JPG": {
      "hf_l1": 0.2011856630180951,
      "missing_edge": 0.2911894596638047,
      "spurious_edge": 0.03478186450281306
    },
    "DJI_20241227154622_0133_V.JPG": {
      "hf_l1": 0.16570844525670664,
      "missing_edge": 0.1983130380573091,
      "spurious_edge": 0.025176362240430548
    },
    "DJI_20241227154727_0170_V.JPG": {
      "hf_l1": 0.17935254524667357,
      "missing_edge": 0.3377441109958789,
      "spurious_edge": 0.0422710168065015
    },
    "DJI_20241227154736_0179_V.JPG": {
      "hf_l1": 0.17584822711141623,
      "missing_edge": 0.29147075709940895,
      "spurious_edge": 0.03416502578044908
    },
    "DJI_20241227154740_0183_V.JPG": {
      "hf_l1": 0.168257102680886,
      "missing_edge": 0.2586819280951015,
      "spurious_edge": 0.02624708668396674
    },
    "DJI_20241227154744_0187_V.JPG": {
      "hf_l1": 0.1809407645118287,
      "missing_edge": 0.3036123111912888,
      "spurious_edge": 0.02962595326780888
    },
    "DJI_20241227154749_0192_V.JPG": {
      "hf_l1": 0.17005109392863993,
      "missing_edge": 0.2934893113753311,
      "spurious_edge": 0.04193122268059536
    },
    "DJI_20241227154808_0202_V.JPG": {
      "hf_l1": 0.18896726717000492,
      "missing_edge": 0.2919382029710465,
      "spurious_edge": 0.035131136777165145
    },
    "DJI_20241227154812_0206_V.JPG": {
      "hf_l1": 0.17668966685831733,
      "missing_edge": 0.331020041412171,
      "spurious_edge": 0.03319682519229388
    },
    "DJI_20241227154816_0210_V.JPG": {
      "hf_l1": 0.19636736172766742,
      "missing_edge": 0.3707021271510685,
      "spurious_edge": 0.04072574440245916
    },
    "DJI_20241227154818_0212_V.JPG": {
      "hf_l1": 0.17346063370275647,
      "missing_edge": 0.3134910563885889,
      "spurious_edge": 0.04268323365535876
    },
    "DJI_20241227154821_0215_V.JPG": {
      "hf_l1": 0.18485617650963923,
      "missing_edge": 0.3583955388045479,
      "spurious_edge": 0.0555354611251853
    },
    "DJI_20241227154823_0217_V.JPG": {
      "hf_l1": 0.203819539840203,
      "missing_edge": 0.38399424932449083,
      "spurious_edge": 0.05993454201110419
    },
    "DJI_20241227154825_0219_V.JPG": {
      "hf_l1": 0.20625956733816486,
      "missing_edge": 0.3987784708933117,
      "spurious_edge": 0.06721318636028553
    },
    "DJI_20241227154829_0223_V.JPG": {
      "hf_l1": 0.1902399353314264,
      "missing_edge": 0.33509075698534413,
      "spurious_edge": 0.04402236247792069
    },
    "DJI_20241227154831_0225_V.JPG": {
      "hf_l1": 0.17950854427219912,
      "missing_edge": 0.29113794808336113,
      "spurious_edge": 0.03784030239968072
    },
    "DJI_20241227154834_0228_V.JPG": {
      "hf_l1": 0.1708170815031899,
      "missing_edge": 0.3190009772527381,
      "spurious_edge": 0.04128114593013414
    },
    "DJI_20241227155104_0321_V.JPG": {
      "hf_l1": 0.10882275985333618,
      "missing_edge": 0.10644351069787564,
      "spurious_edge": 0.014715001420292202
    },
    "DJI_20241227155153_0350_V.JPG": {
      "hf_l1": 0.13872956813720996,
      "missing_edge": 0.23343064397142266,
      "spurious_edge": 0.02058521687013922
    },
    "DJI_20241227155203_0360_V.JPG": {
      "hf_l1": 0.13000830648121614,
      "missing_edge": 0.13761639607958046,
      "spurious_edge": 0.01827452347144641
    }
  },
  "missing_edge_mean": 0.32102718385231854,
  "scene_id": "HNI0131",
  "schema_version": 1,
  "spurious_edge_mean": 0.035209381589683814
}
