{
  "candidate_id": "B0-reference",
  "hf_l1_mean": 0.20593215847985993,
  "image_count": 24,
  "images": {
    "DJI_20241220145649_0055_V.JPG": {
      "hf_l1": 0.15722022286746604,
      "missing_edge": 0.3162113396708122,
      "spurious_edge": 0.03791031487190908
    },
    "DJI_20241220145910_0141_V.JPG": {
      "hf_l1": 0.24115409084600825,
      "missing_edge": 0.4171301183919089,
      "spurious_edge": 0.050094540167771505
    },
    "DJI_20241220145932_0147_V.JPG": {
      "hf_l1": 0.1720927596250376,
      "missing_edge": 0.20947287848380608,
      "spurious_edge": 0.03608734411409181
    },
    "DJI_20241220150056_0185_V.JPG": {
      "hf_l1": 0.19016388037875934,
      "missing_edge": 0.29962447924887314,
      "spurious_edge": 0.06828138887634132
    },
    "DJI_20241220150100_0189_V.JPG": {
      "hf_l1": 0.2176753640551113,
      "missing_edge": 0.28814595722967007,
      "spurious_edge": 0.0669815328982762
    },
    "DJI_20241220150108_0197_V.JPG": {
      "hf_l1": 0.22339148907741554,
      "missing_edge": 0.3364822871866563,
      "spurious_edge": 0.06483620688813573
    },
    "DJI_20241220150120_0209_V.JPG": {
      "hf_l1": 0.2059040047173694,
      "missing_edge": 0.33231512564194504,
      "spurious_edge": 0.0680329918251078
    },
    "DJI_20241220150142_0213_V.JPG": {
      "hf_l1": 0.2469862587752263,
      "missing_edge": 0.4033753553603331,
      "spurious_edge": 0.07704705664882262
    },
    "DJI_20241220150144_0215_V.JPG": {
      "hf_l1": 0.20463543116287466,
      "missing_edge": 0.32664782622457983,
      "spurious_edge": 0.0656242532111224
    },
    "DJI_20241220150146_0217_V.JPG": {
      "hf_l1": 0.20058524271442188,
      "missing_edge": 0.3242841092108263,
      "spurious_edge": 0.06234528494074691
    },
    "DJI_20241220150150_0221_V.JPG": {
      "hf_l1": 0.20656316581625447,
      "missing_edge": 0.36934192062569615,
      "spurious_edge": 0.08084070186133384
    },
    "DJI_20241220150154_0225_V.JPG": {
      "hf_l1": 0.21662825129304095,
      "missing_edge": 0.32627484670248885,
      "spurious_edge": 0.08129873220323301
    },
    "DJI_20241220150158_0229_V.JPG": {
      "hf_l1": 0.2092668923878648,
      "missing_edge": 0.32786621677468986,
      "spurious_edge": 0.07214985309154358
    },
    "DJI_20241220150200_0231_V.JPG": {
      "hf_l1": 0.22292530756323137,
      "missing_edge": 0.3751591796060419,
      "spurious_edge": 0.06684349079088023
    },
    "DJI_20241220150202_0233_V.JPG": {
      "hf_l1": 0.23993181853027393,
      "missing_edge": 0.3907732446616134,
      "spurious_edge": 0.07095122291954653
    },
    "DJI_20241220150206_0237_V.JPG": {
      "hf_l1": 0.21908852221735584,
      "missing_edge": 0.386316714459846,
      "spurious_edge": 0.0817301291087019
    },
    "DJI_20241220150245_0249_V.JPG": {
      "hf_l1": 0.18625902921440665,
      "missing_edge": 0.2105499156365763,
      "spurious_edge": 0.037451788286327954
    },
    "DJI_20241220150251_0255_V.JPG": {
      "hf_l1": 0.1700145948751778,
      "missing_edge": 0.2250323832476521,
      "spurious_edge": 0.032289986398091865
    },
    "DJI_20241220150259_0263_V.JPG": {
      "hf_l1": 0.2009304428631764,
      "missing_edge": 0.2773107944257368,
      "spurious_edge": 0.040199651082866716
    },
    "DJI_20241220150307_0271_V.JPG": {
      "hf_l1": 0.18899255204155996,
      "missing_edge": 0.22065791465237974,
      "spurious_edge": 0.041764556744620644
    },
    "DJI_20241220150542_0357_V.JPG": {
      "hf_l1": 0.16957361479542948,
      "missing_edge": 0.20972054786167363,
      "spurious_edge": 0.034349659708337074
    },
    "DJI_20241220151101_0485_V.JPG": {
      "hf_l1": 0.23693812218419238,
      "missing_edge": 0.351440862411034,
      "spurious_edge": 0.05377226592480099
    },
    "DJI_20241220151113_0497_V.JPG": {
      "hf_l1": 0.21387623749539655,
      "missing_edge": 0.29824525428711635,
      "spurious_edge": 0.03999151518434404
    },
    "DJI_20241220151136_0501_V.JPG": {
      "hf_l1": 0.20157450801958796,
      "missing_edge": 0.3007324990543086,
      "spurious_edge": 0.029755342123271137
    }
  },
  "missing_edge_mean": 0.31346299046067766,
  "scene_id": "HNI0265",
  "schema_version": 1,
  "spurious_edge_mean": 0.05669290874459271
}
