{
  "candidate_id": "B0-reference",
  "hf_l1_mean": 0.21867893367145552,
  "image_count": 26,
  "images": {
    "DJI_20241230093301_0003_V.JPG": {
      "hf_l1": 0.17753578487546012,
      "missing_edge": 0.3841196854793798,
      "spurious_edge": 0.02928641560290614
    },
    "DJI_20241230093317_0004_V.JPG": {
      "hf_l1": 0.22015491701647416,
      "missing_edge": 0.24163836930137722,
      "spurious_edge": 0.029115305059707695
    },
    "DJI_20241230093506_0072_V.JPG": {
      "hf_l1": 0.2605354965583989,
      "missing_edge": 0.32522852406921493,
      "spurious_edge": 0.0399786136614987
    },
    "DJI_20241230093556_0115_V.JPG": {
      "hf_l1": 0.23677315306157407,
      "missing_edge": 0.3544507079224363,
      "spurious_edge": 0.03867510557828286
    },
    "DJI_20241230093602_0121_V.JPG": {
      "hf_l1": 0.28963261245056304,
      "missing_edge": 0.4203595573835733,
      "spurious_edge": 0.04723521011598812
    },
    "DJI_20241230093607_0126_V.JPG": {
      "hf_l1": 0.28916818927393223,
      "missing_edge": 0.39433676685589375,
      "spurious_edge": 0.043580116652324426
    },
    "DJI_20241230093613_0132_V.JPG": {
      "hf_l1": 0.2195937368210145,
      "missing_edge": 0.29952332614653443,
      "spurious_edge": 0.02892526013283649
    },
    "DJI_20241230093621_0140_V.JPG": {
      "hf_l1": 0.24945983543277891,
      "missing_edge": 0.3680363131276336,
      "spurious_edge": 0.04068778379936393
    },
    "DJI_20241230093643_0148_V.JPG": {
      "hf_l1": 0.170821113352042,
      "missing_edge": 0.1776356089829556,
      "spurious_edge": 0.02253896213980844
    },
    "DJI_20241230093656_0161_V.JPG": {
      "hf_l1": 0.19598641678787504,
      "missing_edge": 0.2096531057469526,
      "spurious_edge": 0.025735254993877292
    },
    "DJI_20241230093733_0185_V.JPG": {
      "hf_l1": 0.23250945299062112,
      "missing_edge": 0.3349401158977375,
      "spurious_edge": 0.04415255691738845
    },
    "DJI_20241230093735_0187_V.JPG": {
      "hf_l1": 0.2297612796975884,
      "missing_edge": 0.3222131820877884,
      "spurious_edge": 0.04248401296628611
    },
    "DJI_20241230093737_0189_V.JPG": {
      "hf_l1": 0.2420761932655526,
      "missing_edge": 0.32609316663280413,
      "spurious_edge": 0.04533903470273266
    },
    "DJI_20241230093740_0192_V.JPG": {
      "hf_l1": 0.26519632812992844,
      "missing_edge": 0.36696403981485215,
      "spurious_edge": 0.04936378739436743
    },
    "DJI_20241230093742_0194_V.JPG": {
      "hf_l1": 0.2652061412795653,
      "missing_edge": 0.38213995653187166,
      "spurious_edge": 0.047071246010115475
    },
    "DJI_20241230093744_0196_V.JPG": {
      "hf_l1": 0.25484312729387504,
      "missing_edge": 0.3557439522682958,
      "spurious_edge": 0.04689435513304056
    },
    "DJI_20241230093810_0210_V.JPG": {
      "hf_l1": 0.27552398362979097,
      "missing_edge": 0.41131045653543846,
      "spurious_edge": 0.05837035536135488
    },
    "DJI_20241230093929_0242_V.JPG": {
      "hf_l1": 0.18409188261608522,
      "missing_edge": 0.1938032890307029,
      "spurious_edge": 0.020816225947854237
    },
    "DJI_20241230093932_0245_V.JPG": {
      "hf_l1": 0.16684452939554342,
      "missing_edge": 0.14361914683856497,
      "spurious_edge": 0.019351725237836372
    },
    "DJI_20241230093935_0248_V.JPG": {
      "hf_l1": 0.16590301797490767,
      "missing_edge": 0.1573561395778808,
      "spurious_edge": 0.020747922671326496
    },
    "DJI_20241230093938_0251_V.JPG": {
      "hf_l1": 0.17101896681680312,
      "missing_edge": 0.16269336903115955,
      "spurious_edge": 0.02125624891332439
    },
    "DJI_20241230093941_0254_V.JPG": {
      "hf_l1": 0.18414255857810838,
      "missing_edge": 0.16640502570817978,
      "spurious_edge": 0.023466854393770543
    },
    "DJI_20241230094032_0296_V.JPG": {
      "hf_l1": 0.18387361669992,
      "missing_edge": 0.20656874365524427,
      "spurious_edge": 0.02072922796698649
    },
    "DJI_20241230094038_0299_V.JPG": {
      "hf_l1": 0.1852718551601784,
      "missing_edge": 0.16510677627394,
      "spurious_edge": 0.021428368120218273
    },
    "DJI_20241230094056_0314_V.JPG": {
      "hf_l1": 0.18456100579938445,
      "missing_edge": 0.21414681147331574,
      "spurious_edge": 0.023938087067074263
    },
    "DJI_20241230094118_0333_V.JPG": {
      "hf_l1": 0.1851670804998777,
      "missing_edge": 0.22711118352913567,
      "spurious_edge": 0.023315730029185758
    }
  },
  "missing_edge_mean": 0.2811998969193409,
  "scene_id": "HCM0421",
  "schema_version": 1,
  "spurious_edge_mean": 0.03363399102190217
}
