{
  "candidate_id": "B0-reference",
  "hf_l1_mean": 0.21885065312375523,
  "image_count": 10,
  "images": {
    "DJI_20241230175128_0108_V.JPG": {
      "hf_l1": 0.247188314681941,
      "missing_edge": 0.46768009931090193,
      "spurious_edge": 0.04601835102677099
    },
    "DJI_20241230175151_0131_V.JPG": {
      "hf_l1": 0.24651930653708912,
      "missing_edge": 0.4608007397632579,
      "spurious_edge": 0.047154668211067494
    },
    "DJI_20241230175337_0179_V.JPG": {
      "hf_l1": 0.21062546662124731,
      "missing_edge": 0.32419046605588286,
      "spurious_edge": 0.06240395678154009
    },
    "DJI_20241230175354_0196_V.JPG": {
      "hf_l1": 0.20772644316236766,
      "missing_edge": 0.29609069309745795,
      "spurious_edge": 0.05593292082844816
    },
    "DJI_20241230175435_0216_V.JPG": {
      "hf_l1": 0.22391883744360894,
      "missing_edge": 0.33764492563287507,
      "spurious_edge": 0.0593933691760298
    },
    "DJI_20241230175442_0223_V.JPG": {
      "hf_l1": 0.2114881096818419,
      "missing_edge": 0.30875093232475864,
      "spurious_edge": 0.06320759992250702
    },
    "DJI_20241230175450_0231_V.JPG": {
      "hf_l1": 0.2501879239789796,
      "missing_edge": 0.3988849212887535,
      "spurious_edge": 0.09215366766561725
    },
    "DJI_20241230175458_0239_V.JPG": {
      "hf_l1": 0.26191097676341124,
      "missing_edge": 0.40863042947309036,
      "spurious_edge": 0.10088995797786458
    },
    "DJI_20241230175559_0266_V.JPG": {
      "hf_l1": 0.17959413136900435,
      "missing_edge": 0.24993436770008046,
      "spurious_edge": 0.02944515716245406
    },
    "DJI_20241230175646_0302_V.JPG": {
      "hf_l1": 0.14934702099806121,
      "missing_edge": 0.20403334670195827,
      "spurious_edge": 0.02104126938275731
    }
  },
  "missing_edge_mean": 0.3456640921349017,
  "scene_id": "HCM1439",
  "schema_version": 1,
  "spurious_edge_mean": 0.05776409181350568
}
