{
  "hf_l1_mean": 0.21831738003372284,
  "image_count": 27,
  "images": {
    "DJI_20241229171721_0002_V.JPG": {
      "hf_l1": 0.15517675669142703,
      "missing_edge": 0.31362680302891194,
      "spurious_edge": 0.011270791849968351,
      "symmetric_edge_distance": 0.0006587234693385597
    },
    "DJI_20241229171743_0003_V.JPG": {
      "hf_l1": 0.20285122321173135,
      "missing_edge": 0.2610370861493349,
      "spurious_edge": 0.03351933805523222,
      "symmetric_edge_distance": 0.0004396710049797578
    },
    "DJI_20241229171824_0010_V.JPG": {
      "hf_l1": 0.1644030277816732,
      "missing_edge": 0.1775814235380495,
      "spurious_edge": 0.023559015491864982,
      "symmetric_edge_distance": 0.00031673725267682015
    },
    "DJI_20241229171834_0020_V.JPG": {
      "hf_l1": 0.18576550959685884,
      "missing_edge": 0.23231249984829835,
      "spurious_edge": 0.023672980834078667,
      "symmetric_edge_distance": 0.00041323526040261003
    },
    "DJI_20241229171842_0028_V.JPG": {
      "hf_l1": 0.18120134109959887,
      "missing_edge": 0.17831804671833207,
      "spurious_edge": 0.02592561230497113,
      "symmetric_edge_distance": 0.0003833859632076224
    },
    "DJI_20241229172020_0105_V.JPG": {
      "hf_l1": 0.22418218527714898,
      "missing_edge": 0.3034456312431418,
      "spurious_edge": 0.03394687341940952,
      "symmetric_edge_distance": 0.0006677495209838218
    },
    "DJI_20241229172027_0112_V.JPG": {
      "hf_l1": 0.19931939025563358,
      "missing_edge": 0.24221123913421128,
      "spurious_edge": 0.030878532944628584,
      "symmetric_edge_distance": 0.00048505603020997193
    },
    "DJI_20241229172034_0119_V.JPG": {
      "hf_l1": 0.19207047164593508,
      "missing_edge": 0.2462404337066904,
      "spurious_edge": 0.03096987792348022,
      "symmetric_edge_distance": 0.0004163778927043835
    },
    "DJI_20241229172040_0124_V.JPG": {
      "hf_l1": 0.2191954439512541,
      "missing_edge": 0.33789539520777867,
      "spurious_edge": 0.03412192923629784,
      "symmetric_edge_distance": 0.0007461593605297406
    },
    "DJI_20241229172044_0129_V.JPG": {
      "hf_l1": 0.244710654175835,
      "missing_edge": 0.38288850601276087,
      "spurious_edge": 0.037481991732458336,
      "symmetric_edge_distance": 0.000812525333891955
    },
    "DJI_20241229172146_0170_V.JPG": {
      "hf_l1": 0.17369074928862244,
      "missing_edge": 0.18727172655792163,
      "spurious_edge": 0.019910241997128902,
      "symmetric_edge_distance": 0.0002787906650801642
    },
    "DJI_20241229172159_0183_V.JPG": {
      "hf_l1": 0.1784537086511982,
      "missing_edge": 0.1632162517826017,
      "spurious_edge": 0.024157880275511766,
      "symmetric_edge_distance": 0.0003227699185062836
    },
    "DJI_20241229172314_0228_V.JPG": {
      "hf_l1": 0.28055522278503076,
      "missing_edge": 0.41489566800269123,
      "spurious_edge": 0.06454322042216729,
      "symmetric_edge_distance": 0.0013678740378061565
    },
    "DJI_20241229172317_0231_V.JPG": {
      "hf_l1": 0.24046004621110872,
      "missing_edge": 0.38026537376651315,
      "spurious_edge": 0.06489333333468852,
      "symmetric_edge_distance": 0.0012194626094094048
    },
    "DJI_20241229172319_0233_V.JPG": {
      "hf_l1": 0.24394900433556038,
      "missing_edge": 0.374186082690546,
      "spurious_edge": 0.06235130793048184,
      "symmetric_edge_distance": 0.0009243256958499628
    },
    "DJI_20241229172322_0236_V.JPG": {
      "hf_l1": 0.24651841824834886,
      "missing_edge": 0.3829649303186434,
      "spurious_edge": 0.06009110191495577,
      "symmetric_edge_distance": 0.0008151337143659674
    },
    "DJI_20241229172325_0239_V.JPG": {
      "hf_l1": 0.23209237955315942,
      "missing_edge": 0.3961190551107224,
      "spurious_edge": 0.05271170833201408,
      "symmetric_edge_distance": 0.0011569001447982398
    },
    "DJI_20241229172327_0241_V.JPG": {
      "hf_l1": 0.2365298992870715,
      "missing_edge": 0.3768868114450297,
      "spurious_edge": 0.048037550062366395,
      "symmetric_edge_distance": 0.0013661540533639136
    },
    "DJI_20241229172329_0243_V.JPG": {
      "hf_l1": 0.24412139082138842,
      "missing_edge": 0.41159724911193313,
      "spurious_edge": 0.048269389023996884,
      "symmetric_edge_distance": 0.0016225548907119068
    },
    "DJI_20241229172333_0247_V.JPG": {
      "hf_l1": 0.23645870065253777,
      "missing_edge": 0.45666867204316464,
      "spurious_edge": 0.05257097156602718,
      "symmetric_edge_distance": 0.0017733723314660949
    },
    "DJI_20241229172335_0249_V.JPG": {
      "hf_l1": 0.2506599991306826,
      "missing_edge": 0.4426789850459304,
      "spurious_edge": 0.05660527488506729,
      "symmetric_edge_distance": 0.001326633150231786
    },
    "DJI_20241229172337_0251_V.JPG": {
      "hf_l1": 0.25652768373083024,
      "missing_edge": 0.4098792254632753,
      "spurious_edge": 0.05777368781342001,
      "symmetric_edge_distance": 0.0010899747681423469
    },
    "DJI_20241229172340_0254_V.JPG": {
      "hf_l1": 0.24856788709154043,
      "missing_edge": 0.47472917312696916,
      "spurious_edge": 0.05246516131811249,
      "symmetric_edge_distance": 0.0021564164371053584
    },
    "DJI_20241229172343_0257_V.JPG": {
      "hf_l1": 0.26787833670748123,
      "missing_edge": 0.4324639890893688,
      "spurious_edge": 0.06278069124163714,
      "symmetric_edge_distance": 0.0014864552494303408
    },
    "DJI_20241229172525_0305_V.JPG": {
      "hf_l1": 0.18463735963009,
      "missing_edge": 0.2190065075703459,
      "spurious_edge": 0.03190785148203058,
      "symmetric_edge_distance": 0.0003685458032987992
    },
    "DJI_20241229172549_0324_V.JPG": {
      "hf_l1": 0.19742734951144347,
      "missing_edge": 0.23502403416953654,
      "spurious_edge": 0.034547111663810186,
      "symmetric_edge_distance": 0.00041310310679505306
    },
    "DJI_20241229172554_0329_V.JPG": {
      "hf_l1": 0.20716512158732592,
      "missing_edge": 0.24294621263253774,
      "spurious_edge": 0.031660518725912676,
      "symmetric_edge_distance": 0.0003893354774234713
    }
  },
  "missing_edge_mean": 0.321346556019083,
  "scene_id": "HCM0540",
  "schema_version": 1,
  "spurious_edge_mean": 0.041134220214137734,
  "symmetric_edge_distance_mean": 0.0008673119682485367
}
