{
  "candidate_id": "B0-reference",
  "config_sha256": "f01baf12d047edf4986fc9d8cf0bee57706f0c95dc490a597321f9a704484508",
  "holdout_sha256": "c62ec9cf72bd3e34f2bc7a5c24254e5a875cc1a749fe31ad5c140d68ae8dced6",
  "image_count": 27,
  "images": {
    "DJI_20241229171721_0002_V.JPG": {
      "center_distance": 0.4721441534800167,
      "hf_l1": 0.15517675669142703,
      "lpips": 0.43215492367744446,
      "missing_edge": 0.31362680302891194,
      "nearest_train_image_name": "DJI_20241229171946_0074_V.JPG",
      "pose_distance": 0.5158420087813088,
      "psnr_db": 7.179899301639457,
      "rotation_angle_deg": 31.462455816930333,
      "score50": 41.036887032922436,
      "spurious_edge": 0.011270791849968351,
      "ssim": 0.46717147996788483,
      "stratum": "medium",
      "symmetric_edge_distance": 0.0006587234693385597
    },
    "DJI_20241229171743_0003_V.JPG": {
      "center_distance": 0.2931463490054805,
      "hf_l1": 0.20285122321173135,
      "lpips": 0.1639549285173416,
      "missing_edge": 0.2610370861493349,
      "nearest_train_image_name": "DJI_20241229172427_0268_V.JPG",
      "pose_distance": 0.33289693178332735,
      "psnr_db": 24.414283232573478,
      "rotation_angle_deg": 28.620419600049768,
      "score50": 70.2498936183492,
      "spurious_edge": 0.03351933805523222,
      "ssim": 0.7386506939832925,
      "stratum": "medium",
      "symmetric_edge_distance": 0.0004396710049797578
    },
    "DJI_20241229171824_0010_V.JPG": {
      "center_distance": 0.1038908806259699,
      "hf_l1": 0.1644030277816732,
      "lpips": 0.14387793838977814,
      "missing_edge": 0.1775814235380495,
      "nearest_train_image_name": "DJI_20241229171826_0012_V.JPG",
      "pose_distance": 0.11933716579718773,
      "psnr_db": 26.995163957527897,
      "rotation_angle_deg": 11.121325323276835,
      "score50": 75.0083675260464,
      "spurious_edge": 0.023559015491864982,
      "ssim": 0.8188795562373593,
      "stratum": "easy",
      "symmetric_edge_distance": 0.00031673725267682015
    },
    "DJI_20241229171834_0020_V.JPG": {
      "center_distance": 0.13102479743084203,
      "hf_l1": 0.18576550959685884,
      "lpips": 0.1520152986049652,
      "missing_edge": 0.23231249984829835,
      "nearest_train_image_name": "DJI_20241229172447_0283_V.JPG",
      "pose_distance": 0.13271805889034835,
      "psnr_db": 25.27047825890548,
      "rotation_angle_deg": 1.2191482508445446,
      "score50": 73.2001070220199,
      "spurious_edge": 0.023672980834078667,
      "ssim": 0.8039477336958408,
      "stratum": "medium",
      "symmetric_edge_distance": 0.00041323526040261003
    },
    "DJI_20241229171842_0028_V.JPG": {
      "center_distance": 0.12220599645066023,
      "hf_l1": 0.18120134109959887,
      "lpips": 0.14035451412200928,
      "missing_edge": 0.17831804671833207,
      "nearest_train_image_name": "DJI_20241229171844_0030_V.JPG",
      "pose_distance": 0.13845998595209813,
      "psnr_db": 25.359745916474687,
      "rotation_angle_deg": 11.70287244103529,
      "score50": 74.26413832067784,
      "spurious_edge": 0.02592561230497113,
      "ssim": 0.82208237785578,
      "stratum": "medium",
      "symmetric_edge_distance": 0.0003833859632076224
    },
    "DJI_20241229172020_0105_V.JPG": {
      "center_distance": 0.11395079789061449,
      "hf_l1": 0.22418218527714898,
      "lpips": 0.1610322892665863,
      "missing_edge": 0.3034456312431418,
      "nearest_train_image_name": "DJI_20241229172022_0107_V.JPG",
      "pose_distance": 0.13980402631682334,
      "psnr_db": 23.141010749945167,
      "rotation_angle_deg": 18.61432446687038,
      "score50": 71.02927612528106,
      "spurious_edge": 0.03394687341940952,
      "ssim": 0.7861987081992473,
      "stratum": "medium",
      "symmetric_edge_distance": 0.0006677495209838218
    },
    "DJI_20241229172027_0112_V.JPG": {
      "center_distance": 0.10618480154749904,
      "hf_l1": 0.19931939025563358,
      "lpips": 0.14089563488960266,
      "missing_edge": 0.24221123913421128,
      "nearest_train_image_name": "DJI_20241229172029_0114_V.JPG",
      "pose_distance": 0.12974924067903873,
      "psnr_db": 24.00096907571841,
      "rotation_angle_deg": 16.966396174708585,
      "score50": 72.94746848620245,
      "spurious_edge": 0.030878532944628584,
      "ssim": 0.8060904145451838,
      "stratum": "easy",
      "symmetric_edge_distance": 0.00048505603020997193
    },
    "DJI_20241229172034_0119_V.JPG": {
      "center_distance": 0.09651417301638171,
      "hf_l1": 0.19207047164593508,
      "lpips": 0.1343807578086853,
      "missing_edge": 0.2462404337066904,
      "nearest_train_image_name": "DJI_20241229172036_0121_V.JPG",
      "pose_distance": 0.12202777113585672,
      "psnr_db": 23.99281040559171,
      "rotation_angle_deg": 18.369790646022008,
      "score50": 73.9201564277777,
      "spurious_edge": 0.03096987792348022,
      "ssim": 0.829990016559003,
      "stratum": "easy",
      "symmetric_edge_distance": 0.0004163778927043835
    },
    "DJI_20241229172040_0124_V.JPG": {
      "center_distance": 0.15117989208341948,
      "hf_l1": 0.2191954439512541,
      "lpips": 0.1765272319316864,
      "missing_edge": 0.33789539520777867,
      "nearest_train_image_name": "DJI_20241229172004_0092_V.JPG",
      "pose_distance": 0.17341282113915688,
      "psnr_db": 22.998031854890982,
      "rotation_angle_deg": 16.007708920130927,
      "score50": 69.75703241253078,
      "spurious_edge": 0.03412192923629784,
      "ssim": 0.7673100858954548,
      "stratum": "medium",
      "symmetric_edge_distance": 0.0007461593605297406
    },
    "DJI_20241229172044_0129_V.JPG": {
      "center_distance": 0.12260980358174513,
      "hf_l1": 0.244710654175835,
      "lpips": 0.17175032198429108,
      "missing_edge": 0.38288850601276087,
      "nearest_train_image_name": "DJI_20241229172011_0099_V.JPG",
      "pose_distance": 0.1239533904748844,
      "psnr_db": 22.358085425544857,
      "rotation_angle_deg": 0.9673825630602667,
      "score50": 69.22315841009623,
      "spurious_edge": 0.037481991732458336,
      "ssim": 0.755944001138032,
      "stratum": "easy",
      "symmetric_edge_distance": 0.000812525333891955
    },
    "DJI_20241229172146_0170_V.JPG": {
      "center_distance": 0.06859690412651268,
      "hf_l1": 0.17369074928862244,
      "lpips": 0.0983508974313736,
      "missing_edge": 0.18727172655792163,
      "nearest_train_image_name": "DJI_20241229172551_0326_V.JPG",
      "pose_distance": 0.09323635667756922,
      "psnr_db": 26.876339265392673,
      "rotation_angle_deg": 17.740405836760722,
      "score50": 78.39111350104267,
      "spurious_edge": 0.019910241997128902,
      "ssim": 0.8733115279687338,
      "stratum": "easy",
      "symmetric_edge_distance": 0.0002787906650801642
    },
    "DJI_20241229172159_0183_V.JPG": {
      "center_distance": 0.06618051225361465,
      "hf_l1": 0.1784537086511982,
      "lpips": 0.1279793083667755,
      "missing_edge": 0.1632162517826017,
      "nearest_train_image_name": "DJI_20241229172523_0303_V.JPG",
      "pose_distance": 0.0883534526051902,
      "psnr_db": 26.66081436708729,
      "rotation_angle_deg": 15.964517053134388,
      "score50": 76.36068588896107,
      "spurious_edge": 0.024157880275511766,
      "ssim": 0.8494456534459905,
      "stratum": "easy",
      "symmetric_edge_distance": 0.0003227699185062836
    },
    "DJI_20241229172314_0228_V.JPG": {
      "center_distance": 0.643321015162449,
      "hf_l1": 0.28055522278503076,
      "lpips": 0.2785085141658783,
      "missing_edge": 0.41489566800269123,
      "nearest_train_image_name": "DJI_20241229171846_0032_V.JPG",
      "pose_distance": 0.6643152718920597,
      "psnr_db": 17.22762015373852,
      "rotation_angle_deg": 15.115864845319752,
      "score50": 56.94528437227991,
      "spurious_edge": 0.06454322042216729,
      "ssim": 0.5916350948890642,
      "stratum": "hard",
      "symmetric_edge_distance": 0.0013678740378061565
    },