{
  "candidate_id": "B0-reference",
  "config_sha256": "f01baf12d047edf4986fc9d8cf0bee57706f0c95dc490a597321f9a704484508",
  "holdout_sha256": "c62ec9cf72bd3e34f2bc7a5c24254e5a875cc1a749fe31ad5c140d68ae8dced6",
  "image_count": 27,
  "images": {
    "DJI_20241229171721_0002_V.JPG": {
      "lpips": 0.43215492367744446,
      "psnr_db": 7.179899301639457,
      "ssim": 0.46717147996788483
    },
    "DJI_20241229171743_0003_V.JPG": {
      "lpips": 0.1639549285173416,
      "psnr_db": 24.414283232573478,
      "ssim": 0.7386506939832925
    },
    "DJI_20241229171824_0010_V.JPG": {
      "lpips": 0.14387793838977814,
      "psnr_db": 26.995163957527897,
      "ssim": 0.8188795562373593
    },
    "DJI_20241229171834_0020_V.JPG": {
      "lpips": 0.1520152986049652,
      "psnr_db": 25.27047825890548,
      "ssim": 0.8039477336958408
    },
    "DJI_20241229171842_0028_V.JPG": {
      "lpips": 0.14035451412200928,
      "psnr_db": 25.359745916474687,
      "ssim": 0.82208237785578
    },
    "DJI_20241229172020_0105_V.JPG": {
      "lpips": 0.1610322892665863,
      "psnr_db": 23.141010749945167,
      "ssim": 0.7861987081992473
    },
    "DJI_20241229172027_0112_V.JPG": {
      "lpips": 0.14089563488960266,
      "psnr_db": 24.00096907571841,
      "ssim": 0.8060904145451838
    },
    "DJI_20241229172034_0119_V.JPG": {
      "lpips": 0.1343807578086853,
      "psnr_db": 23.99281040559171,
      "ssim": 0.829990016559003
    },
    "DJI_20241229172040_0124_V.JPG": {
      "lpips": 0.1765272319316864,
      "psnr_db": 22.998031854890982,
      "ssim": 0.7673100858954548
    },
    "DJI_20241229172044_0129_V.JPG": {
      "lpips": 0.17175032198429108,
      "psnr_db": 22.358085425544857,
      "ssim": 0.755944001138032
    },
    "DJI_20241229172146_0170_V.JPG": {
      "lpips": 0.0983508974313736,
      "psnr_db": 26.876339265392673,
      "ssim": 0.8733115279687338
    },
    "DJI_20241229172159_0183_V.JPG": {
      "lpips": 0.1279793083667755,
      "psnr_db": 26.66081436708729,
      "ssim": 0.8494456534459905
    },
    "DJI_20241229172314_0228_V.JPG": {
      "lpips": 0.2785085141658783,
      "psnr_db": 17.22762015373852,
      "ssim": 0.5916350948890642
    },
    "DJI_20241229172317_0231_V.JPG": {
      "lpips": 0.2469143569469452,
      "psnr_db": 18.272645511022162,
      "ssim": 0.6291421192909364
    },
    "DJI_20241229172319_0233_V.JPG": {
      "lpips": 0.2428124099969864,
      "psnr_db": 18.934929861342106,
      "ssim": 0.6426342134294741
    },
    "DJI_20241229172322_0236_V.JPG": {
      "lpips": 0.23138108849525452,
      "psnr_db": 19.332588474833738,
      "ssim": 0.6355112951338695
    },
    "DJI_20241229172325_0239_V.JPG": {
      "lpips": 0.23375016450881958,
      "psnr_db": 19.519884247482626,
      "ssim": 0.6349214965337301
    },
    "DJI_20241229172327_0241_V.JPG": {
      "lpips": 0.23070454597473145,
      "psnr_db": 19.9281560800623,
      "ssim": 0.6642858176929064
    },
    "DJI_20241229172329_0243_V.JPG": {
      "lpips": 0.24590885639190674,
      "psnr_db": 18.708432894398058,
      "ssim": 0.6666223015973978
    },
    "DJI_20241229172333_0247_V.JPG": {
      "lpips": 0.27833130955696106,
      "psnr_db": 17.533798208036703,
      "ssim": 0.6141242306502107
    },
    "DJI_20241229172335_0249_V.JPG": {
      "lpips": 0.27180540561676025,
      "psnr_db": 18.031296561425492,
      "ssim": 0.6180283666956291
    },
    "DJI_20241229172337_0251_V.JPG": {
      "lpips": 0.2746393084526062,
      "psnr_db": 17.50121694310335,
      "ssim": 0.6233396355146998
    },
    "DJI_20241229172340_0254_V.JPG": {
      "lpips": 0.30744001269340515,
      "psnr_db": 15.896629939271964,
      "ssim": 0.5875661301402556
    },
    "DJI_20241229172343_0257_V.JPG": {
      "lpips": 0.3060646057128906,
      "psnr_db": 15.9916506083798,
      "ssim": 0.5778723518052366
    },
    "DJI_20241229172525_0305_V.JPG": {
      "lpips": 0.10779836028814316,
      "psnr_db": 24.967488106243625,
      "ssim": 0.8179045309399784
    },
    "DJI_20241229172549_0324_V.JPG": {
      "lpips": 0.14112021028995514,
      "psnr_db": 24.816803302288577,
      "ssim": 0.7777177683774975
    },
    "DJI_20241229172554_0329_V.JPG": {
      "lpips": 0.12063196301460266,
      "psnr_db": 24.82941872041807,
      "ssim": 0.8228933415822951
    }
  },
  "lpips_mean": 0.20596611692949576,
  "max_vram_mb": 6177.3828125,
  "peak_gaussians": 3559219,
  "psnr_db_mean": 21.13852560827182,
  "scene_id": "HCM0540",
  "schema_version": 1,
  "ssim_mean": 0.7119711460653698,
  "step": 7000,
  "total_time_seconds": 980.5057733839994,
  "valid_fraction_mean": 0.9889649783987501
}
