{
  "total_steps": 7000,
  "total_time_seconds": 980.5057733839994,
  "final_loss": 0.050621844828128815,
  "final_num_gaussians": 3451638,
  "max_vram_mb": 6177.3828125
}