{
  "alpha_coverage": 1.0,
  "psnr_db": 10.972227083272672,
  "psnr_is_infinite": false,
  "rgb_std": 0.1046445369720459,
  "ssim": 0.338329553604126,
  "valid_fraction": 0.9890033006668091
}
