{
  "candidate_id": "C1-absgrad-t08-v1",
  "hf_l1_mean": 0.21655263379047116,
  "image_count": 10,
  "images": {
    "DJI_20241230175128_0108_V.JPG": {
      "hf_l1": 0.24632051222989423,
      "missing_edge": 0.4673057194952882,
      "spurious_edge": 0.04715759221917859
    },
    "DJI_20241230175151_0131_V.JPG": {
      "hf_l1": 0.24438686850663288,
      "missing_edge": 0.4561305971477954,
      "spurious_edge": 0.046075015832886985
    },
    "DJI_20241230175337_0179_V.JPG": {
      "hf_l1": 0.20657780868219464,
      "missing_edge": 0.3207046756390834,
      "spurious_edge": 0.06426349524840821
    },
    "DJI_20241230175354_0196_V.JPG": {
      "hf_l1": 0.20297246579877154,
      "missing_edge": 0.3015847629803593,
      "spurious_edge": 0.05763867281809748
    },
    "DJI_20241230175435_0216_V.JPG": {
      "hf_l1": 0.2198080859748378,
      "missing_edge": 0.3333044304657026,
      "spurious_edge": 0.06327210323460176
    },
    "DJI_20241230175442_0223_V.JPG": {
      "hf_l1": 0.20864235867267208,
      "missing_edge": 0.3119730346175306,
      "spurious_edge": 0.06897125372301434
    },
    "DJI_20241230175450_0231_V.JPG": {
      "hf_l1": 0.2517066936299292,
      "missing_edge": 0.38006956414272636,
      "spurious_edge": 0.10937927851297283
    },
    "DJI_20241230175458_0239_V.JPG": {
      "hf_l1": 0.26040646149834773,
      "missing_edge": 0.40445368009277577,
      "spurious_edge": 0.11349933381574095
    },
    "DJI_20241230175559_0266_V.JPG": {
      "hf_l1": 0.17721341496809526,
      "missing_edge": 0.24613048949400618,
      "spurious_edge": 0.03147285326907097
    },
    "DJI_20241230175646_0302_V.JPG": {
      "hf_l1": 0.1474916679433362,
      "missing_edge": 0.19903002079628615,
      "spurious_edge": 0.02162507627539161
    }
  },
  "missing_edge_mean": 0.3420686974871554,
  "scene_id": "HCM1439",
  "schema_version": 1,
  "spurious_edge_mean": 0.06233546749493638
}
