{
  "candidate_id": "C1-absgrad-t08-v1",
  "config_sha256": "e1145b70cd108416999ea756862550762aa25ef72171f7606d252b8c240c7c8b",
  "holdout_sha256": "e44ce53dc135d9ba66b1f4cf7879e4702299a7c773b9edb8902979cd2ebbce9e",
  "image_count": 10,
  "images": {
    "DJI_20241230175128_0108_V.JPG": {
      "lpips": 0.2846354842185974,
      "psnr_db": 19.354996370048767,
      "ssim": 0.6181855574138045
    },
    "DJI_20241230175151_0131_V.JPG": {
      "lpips": 0.273290753364563,
      "psnr_db": 19.925279107133186,
      "ssim": 0.5944543956330911
    },
    "DJI_20241230175337_0179_V.JPG": {
      "lpips": 0.20778873562812805,
      "psnr_db": 20.464182461626656,
      "ssim": 0.6500762738395125
    },
    "DJI_20241230175354_0196_V.JPG": {
      "lpips": 0.20678021013736725,
      "psnr_db": 20.485789502015038,
      "ssim": 0.66856973301181
    },
    "DJI_20241230175435_0216_V.JPG": {
      "lpips": 0.2300320863723755,
      "psnr_db": 19.610339719616608,
      "ssim": 0.6357951384443982
    },
    "DJI_20241230175442_0223_V.JPG": {
      "lpips": 0.2079765647649765,
      "psnr_db": 20.202488260791426,
      "ssim": 0.6740351412715615
    },
    "DJI_20241230175450_0231_V.JPG": {
      "lpips": 0.2942409813404083,
      "psnr_db": 17.27600917596601,
      "ssim": 0.521858676539412
    },
    "DJI_20241230175458_0239_V.JPG": {
      "lpips": 0.33822396397590637,
      "psnr_db": 16.524075187960193,
      "ssim": 0.5105174925909693
    },
    "DJI_20241230175559_0266_V.JPG": {
      "lpips": 0.15205106139183044,
      "psnr_db": 24.215451087575175,
      "ssim": 0.7947284479356624
    },
    "DJI_20241230175646_0302_V.JPG": {
      "lpips": 0.11615854501724243,
      "psnr_db": 26.34035808180746,
      "ssim": 0.8603885027004066
    }
  },
  "lpips_mean": 0.23111783862113952,
  "max_vram_mb": 3321.0927734375,
  "peak_gaussians": 1893393,
  "psnr_db_mean": 20.43989689545405,
  "scene_id": "HCM1439",
  "schema_version": 1,
  "ssim_mean": 0.6528609359380628,
  "step": 7000,
  "total_time_seconds": 632.3083926479999,
  "valid_fraction_mean": 0.9902334773416677
}
