{
  "total_steps": 7000,
  "total_time_seconds": 632.3083926479999,
  "final_loss": 0.04156692326068878,
  "final_num_gaussians": 1893393,
  "max_vram_mb": 3321.0927734375
}