{
  "final": {
    "alpha_coverage": 1.0,
    "psnr_db": 18.76007950938189,
    "psnr_is_infinite": false,
    "rgb_std": 0.27921730279922485,
    "ssim": 0.6172065734863281,
    "valid_fraction": 0.9887581467628479
  },
  "final_render_non_blank": true,
  "initial": {
    "alpha_coverage": 1.0,
    "psnr_db": 11.468502978996927,
    "psnr_is_infinite": false,
    "rgb_std": 0.10674646496772766,
    "ssim": 0.3391401171684265,
    "valid_fraction": 0.9887581467628479
  },
  "psnr_delta_db": 7.291576530384962,
  "quality_improved": true,
  "ssim_delta": 0.2780664563179016,
  "train_camera_index": 0
}
