{
  "total_steps": 30000,
  "total_time_seconds": 8810.899370811996,
  "final_loss": 0.04526397958397865,
  "final_num_gaussians": 5756888,
  "max_vram_mb": 9880.31103515625
}