{
  "alpha_coverage": 1.0,
  "psnr_db": 11.142587676189436,
  "psnr_is_infinite": false,
  "rgb_std": 0.08221601694822311,
  "ssim": 0.30836594104766846,
  "valid_fraction": 0.988847017288208
}
