{
  "final": {
    "alpha_coverage": 1.0,
    "psnr_db": 27.851624018604795,
    "psnr_is_infinite": false,
    "rgb_std": 0.2429470419883728,
    "ssim": 0.8879849910736084,
    "valid_fraction": 0.988847017288208
  },
  "final_render_non_blank": true,
  "initial": {
    "alpha_coverage": 1.0,
    "psnr_db": 11.142587676189436,
    "psnr_is_infinite": false,
    "rgb_std": 0.08221601694822311,
    "ssim": 0.30836594104766846,
    "valid_fraction": 0.988847017288208
  },
  "psnr_delta_db": 16.70903634241536,
  "quality_improved": true,
  "ssim_delta": 0.5796190500259399,
  "train_camera_index": 0
}
