{
  "hf_l1_mean": 0.2202193858535956,
  "image_count": 26,
  "images": {
    "DJI_20241230093301_0003_V.JPG": {
      "hf_l1": 0.17698596534588792,
      "missing_edge": 0.3652040659655,
      "spurious_edge": 0.03054007820125974,
      "symmetric_edge_distance": 0.0009852255618347996
    },
    "DJI_20241230093317_0004_V.JPG": {
      "hf_l1": 0.22255074745294876,
      "missing_edge": 0.24710975497394688,
      "spurious_edge": 0.03143624146289679,
      "symmetric_edge_distance": 0.0004076526829467102
    },
    "DJI_20241230093506_0072_V.JPG": {
      "hf_l1": 0.2627635631375224,
      "missing_edge": 0.3362555807515161,
      "spurious_edge": 0.041289275461681464,
      "symmetric_edge_distance": 0.0006682910725186451
    },
    "DJI_20241230093556_0115_V.JPG": {
      "hf_l1": 0.23786519708394607,
      "missing_edge": 0.37856023429104446,
      "spurious_edge": 0.04014123588644461,
      "symmetric_edge_distance": 0.0007092585463126557
    },
    "DJI_20241230093602_0121_V.JPG": {
      "hf_l1": 0.2925558497390219,
      "missing_edge": 0.43827298493474603,
      "spurious_edge": 0.04954867601518639,
      "symmetric_edge_distance": 0.0009637991147490223
    },
    "DJI_20241230093607_0126_V.JPG": {
      "hf_l1": 0.29283594895386966,
      "missing_edge": 0.40867274144537863,
      "spurious_edge": 0.04604415294379054,
      "symmetric_edge_distance": 0.0007944855895114076
    },
    "DJI_20241230093613_0132_V.JPG": {
      "hf_l1": 0.2215738649134863,
      "missing_edge": 0.3071648092236534,
      "spurious_edge": 0.030258174035902113,
      "symmetric_edge_distance": 0.0005286867045552889
    },
    "DJI_20241230093621_0140_V.JPG": {
      "hf_l1": 0.25126357159478285,
      "missing_edge": 0.38987615070378556,
      "spurious_edge": 0.04290777715981227,
      "symmetric_edge_distance": 0.0008052976120597818
    },
    "DJI_20241230093643_0148_V.JPG": {
      "hf_l1": 0.171028087504701,
      "missing_edge": 0.18782786334210566,
      "spurious_edge": 0.02328385195278559,
      "symmetric_edge_distance": 0.00025958108843715164
    },
    "DJI_20241230093656_0161_V.JPG": {
      "hf_l1": 0.19744295499850234,
      "missing_edge": 0.21293269524286113,
      "spurious_edge": 0.02711278633134141,
      "symmetric_edge_distance": 0.0003758494854490158
    },
    "DJI_20241230093733_0185_V.JPG": {
      "hf_l1": 0.23344884469686608,
      "missing_edge": 0.3518016626899957,
      "spurious_edge": 0.04670337511509793,
      "symmetric_edge_distance": 0.0008119300825319116
    },
    "DJI_20241230093735_0187_V.JPG": {
      "hf_l1": 0.23048905334575193,
      "missing_edge": 0.33677080410865357,
      "spurious_edge": 0.04434599523630819,
      "symmetric_edge_distance": 0.00071378674974403
    },
    "DJI_20241230093737_0189_V.JPG": {
      "hf_l1": 0.24440071833858568,
      "missing_edge": 0.33500148818828945,
      "spurious_edge": 0.04953240522540481,
      "symmetric_edge_distance": 0.0006632463244697101
    },
    "DJI_20241230093740_0192_V.JPG": {
      "hf_l1": 0.26650118525593236,
      "missing_edge": 0.37694216589733387,
      "spurious_edge": 0.052984309357111396,
      "symmetric_edge_distance": 0.0009438531349846546
    },
    "DJI_20241230093742_0194_V.JPG": {
      "hf_l1": 0.26724774679617463,
      "missing_edge": 0.3931369160250479,
      "spurious_edge": 0.049751087525538994,
      "symmetric_edge_distance": 0.0009600153368893391
    },
    "DJI_20241230093744_0196_V.JPG": {
      "hf_l1": 0.2564557299582058,
      "missing_edge": 0.3662518860288033,
      "spurious_edge": 0.04939359054002519,
      "symmetric_edge_distance": 0.000857604132797193
    },
    "DJI_20241230093810_0210_V.JPG": {
      "hf_l1": 0.27720103337762453,
      "missing_edge": 0.42675014838265646,
      "spurious_edge": 0.06221264939195775,
      "symmetric_edge_distance": 0.0013735663638281353
    },
    "DJI_20241230093929_0242_V.JPG": {
      "hf_l1": 0.1861056493590527,
      "missing_edge": 0.20284294867504155,
      "spurious_edge": 0.022026258141943415,
      "symmetric_edge_distance": 0.0003383697538698684
    },
    "DJI_20241230093932_0245_V.JPG": {
      "hf_l1": 0.16835460373905706,
      "missing_edge": 0.1590850819535627,
      "spurious_edge": 0.019485244943517527,
      "symmetric_edge_distance": 0.0002304267631053667
    },
    "DJI_20241230093935_0248_V.JPG": {
      "hf_l1": 0.16652681724479212,
      "missing_edge": 0.16356243776945276,
      "spurious_edge": 0.021906090877011047,
      "symmetric_edge_distance": 0.0002491231378184584
    },
    "DJI_20241230093938_0251_V.JPG": {
      "hf_l1": 0.1720947977457027,
      "missing_edge": 0.16940447001911732,
      "spurious_edge": 0.022272583387199712,
      "symmetric_edge_distance": 0.00027848913658646564
    },
    "DJI_20241230093941_0254_V.JPG": {
      "hf_l1": 0.18533177011318266,
      "missing_edge": 0.17921068591331477,
      "spurious_edge": 0.024707686005574134,
      "symmetric_edge_distance": 0.0002932305516955488
    },
    "DJI_20241230094032_0296_V.JPG": {
      "hf_l1": 0.1855462062198535,
      "missing_edge": 0.2156554950630195,
      "spurious_edge": 0.021703037058541708,
      "symmetric_edge_distance": 0.0004820257483500619
    },
    "DJI_20241230094038_0299_V.JPG": {
      "hf_l1": 0.18652916831467808,
      "missing_edge": 0.17212817149325277,
      "spurious_edge": 0.022625919257443103,
      "symmetric_edge_distance": 0.00036159286845920547
    },
    "DJI_20241230094056_0314_V.JPG": {
      "hf_l1": 0.18610496275342164,
      "missing_edge": 0.21959828168180384,
      "spurious_edge": 0.025412537777528284,
      "symmetric_edge_distance": 0.0003904040172161573
    },
    "DJI_20241230094118_0333_V.JPG": {
      "hf_l1": 0.18649999420993577,
      "missing_edge": 0.2314462404950883,
      "spurious_edge": 0.024730000748176356,
      "symmetric_edge_distance": 0.0004606114072141155
    }
  },
  "missing_edge_mean": 0.2912102217407297,
  "scene_id": "HCM0421",
  "schema_version": 1,
  "spurious_edge_mean": 0.035475193078441554,
  "symmetric_edge_distance_mean": 0.0006117847295359501
}
