{
  "candidate_id": "B0-reference",
  "config_sha256": "f22ec34a5a4145e9cb299a53b6f383f6eec90b8a48bef6addca5095237c54bfa",
  "holdout_sha256": "eb1f3c620ddb32feeb68d8ca313fafd1d2a8e4e42cc54b1ad9258cf92b0617a6",
  "image_count": 26,
  "images": {
    "DJI_20241230093301_0003_V.JPG": {
      "center_distance": 0.9848217830851281,
      "hf_l1": 0.17698596534588792,
      "lpips": 0.5564908981323242,
      "missing_edge": 0.3652040659655,
      "nearest_train_image_name": "DJI_20241230094139_0351_V.JPG",
      "pose_distance": 1.0711937671835097,
      "psnr_db": 6.2328768034752695,
      "rotation_angle_deg": 62.18782855083463,
      "score50": 32.76981541251798,
      "spurious_edge": 0.03054007820125974,
      "ssim": 0.37632417519085953,
      "stratum": "hard",
      "symmetric_edge_distance": 0.0009852255618347996
    },
    "DJI_20241230093317_0004_V.JPG": {
      "center_distance": 0.5474160375881459,
      "hf_l1": 0.22255074745294876,
      "lpips": 0.1421332061290741,
      "missing_edge": 0.24710975497394688,
      "nearest_train_image_name": "DJI_20241230093423_0045_V.JPG",
      "pose_distance": 0.5909819919352386,
      "psnr_db": 24.904917483526063,
      "rotation_angle_deg": 31.367487129906703,
      "score50": 72.59895009098227,
      "spurious_edge": 0.03143624146289679,
      "ssim": 0.77804426153432,
      "stratum": "medium",
      "symmetric_edge_distance": 0.0004076526829467102
    },
    "DJI_20241230093506_0072_V.JPG": {
      "center_distance": 0.1731526520150834,
      "hf_l1": 0.2627635631375224,
      "lpips": 0.1818559616804123,
      "missing_edge": 0.3362555807515161,
      "nearest_train_image_name": "DJI_20241230094137_0349_V.JPG",
      "pose_distance": 0.21781588324185053,
      "psnr_db": 20.93436337047717,
      "rotation_angle_deg": 32.157526483272335,
      "score50": 67.41490604954423,
      "spurious_edge": 0.041289275461681464,
      "ssim": 0.7376175498158141,
      "stratum": "medium",
      "symmetric_edge_distance": 0.0006682910725186451
    },
    "DJI_20241230093556_0115_V.JPG": {
      "center_distance": 0.16689833205215396,
      "hf_l1": 0.23786519708394607,
      "lpips": 0.19441796839237213,
      "missing_edge": 0.37856023429104446,
      "nearest_train_image_name": "DJI_20241230093625_0144_V.JPG",
      "pose_distance": 0.18573832345383973,
      "psnr_db": 22.243353961970023,
      "rotation_angle_deg": 13.56479380921378,
      "score50": 66.79960577757615,
      "spurious_edge": 0.04014123588644461,
      "ssim": 0.707677071202967,
      "stratum": "easy",
      "symmetric_edge_distance": 0.0007092585463126557
    },
    "DJI_20241230093602_0121_V.JPG": {
      "center_distance": 0.2957196423699382,
      "hf_l1": 0.2925558497390219,
      "lpips": 0.22262798249721527,
      "missing_edge": 0.43827298493474603,
      "nearest_train_image_name": "DJI_20241230093532_0095_V.JPG",
      "pose_distance": 0.3109025126932714,
      "psnr_db": 20.28940451043479,
      "rotation_angle_deg": 10.931666632799894,
      "score50": 62.86643592210183,
      "spurious_edge": 0.04954867601518639,
      "ssim": 0.653263750524319,
      "stratum": "medium",
      "symmetric_edge_distance": 0.0009637991147490223
    },
    "DJI_20241230093607_0126_V.JPG": {
      "center_distance": 0.2851067514212136,
      "hf_l1": 0.29283594895386966,
      "lpips": 0.19445838034152985,
      "missing_edge": 0.40867274144537863,
      "nearest_train_image_name": "DJI_20241230093536_0099_V.JPG",
      "pose_distance": 0.28940191740666504,
      "psnr_db": 20.63405469676694,
      "rotation_angle_deg": 3.092519509525019,
      "score50": 65.54627853066391,
      "spurious_edge": 0.04604415294379054,
      "ssim": 0.6981393642088317,
      "stratum": "medium",
      "symmetric_edge_distance": 0.0007944855895114076
    },
    "DJI_20241230093613_0132_V.JPG": {
      "center_distance": 0.24097494824448584,
      "hf_l1": 0.2215738649134863,
      "lpips": 0.17057538032531738,
      "missing_edge": 0.3071648092236534,
      "nearest_train_image_name": "DJI_20241230093615_0134_V.JPG",
      "pose_distance": 0.2689981675756852,
      "psnr_db": 23.294261049505614,
      "rotation_angle_deg": 20.176717918463527,
      "score50": 70.57620829736113,
      "spurious_edge": 0.030258174035902113,
      "ssim": 0.7807555626890154,
      "stratum": "medium",
      "symmetric_edge_distance": 0.0005286867045552889
    },
    "DJI_20241230093621_0140_V.JPG": {
      "center_distance": 0.287727971316004,
      "hf_l1": 0.25126357159478285,
      "lpips": 0.1720724254846573,
      "missing_edge": 0.38987615070378556,
      "nearest_train_image_name": "DJI_20241230093550_0113_V.JPG",
      "pose_distance": 0.28920904460073504,
      "psnr_db": 21.88952467292916,
      "rotation_angle_deg": 1.0663727650063122,
      "score50": 67.87671469729213,
      "spurious_edge": 0.04290777715981227,
      "ssim": 0.7208632304306977,
      "stratum": "medium",
      "symmetric_edge_distance": 0.0008052976120597818
    },
    "DJI_20241230093643_0148_V.JPG": {
      "center_distance": 0.22757046721091526,
      "hf_l1": 0.171028087504701,
      "lpips": 0.10714836418628693,
      "missing_edge": 0.18782786334210566,
      "nearest_train_image_name": "DJI_20241230093645_0150_V.JPG",
      "pose_distance": 0.24834720809833902,
      "psnr_db": 25.196232415232245,
      "rotation_angle_deg": 14.959253438945135,
      "score50": 76.61792450075248,
      "spurious_edge": 0.02328385195278559,
      "ssim": 0.859537320635487,
      "stratum": "medium",
      "symmetric_edge_distance": 0.00025958108843715164
    },
    "DJI_20241230093656_0161_V.JPG": {
      "center_distance": 0.16752167173555652,
      "hf_l1": 0.19744295499850234,
      "lpips": 0.12286803871393204,
      "missing_edge": 0.21293269524286113,
      "nearest_train_image_name": "DJI_20241230094058_0316_V.JPG",
      "pose_distance": 0.19032158454825227,
      "psnr_db": 25.386671304018055,
      "rotation_angle_deg": 16.415937225140944,
      "score50": 75.14559335959922,
      "spurious_edge": 0.02711278633134141,
      "ssim": 0.8276104041915221,
      "stratum": "easy",
      "symmetric_edge_distance": 0.0003758494854490158
    },
    "DJI_20241230093733_0185_V.JPG": {
      "center_distance": 0.9428123121084838,
      "hf_l1": 0.23344884469686608,
      "lpips": 0.19549618661403656,
      "missing_edge": 0.3518016626899957,
      "nearest_train_image_name": "DJI_20241230093956_0266_V.JPG",
      "pose_distance": 0.9687943325307673,
      "psnr_db": 18.811521358663303,
      "rotation_angle_deg": 18.70705470404414,
      "score50": 64.25161224195308,
      "spurious_edge": 0.04670337511509793,
      "ssim": 0.6928182297105523,
      "stratum": "hard",
      "symmetric_edge_distance": 0.0008119300825319116
    },
    "DJI_20241230093735_0187_V.JPG": {
      "center_distance": 0.908549638995622,
      "hf_l1": 0.23048905334575193,
      "lpips": 0.1857055276632309,
      "missing_edge": 0.33677080410865357,
      "nearest_train_image_name": "DJI_20241230093956_0266_V.JPG",
      "pose_distance": 0.9299343323595172,
      "psnr_db": 18.318029666418305,
      "rotation_angle_deg": 15.396979222004523,
      "score50": 64.71721704952449,
      "spurious_edge": 0.04434599523630819,
      "ssim": 0.705154011873425,
      "stratum": "hard",
      "symmetric_edge_distance": 0.00071378674974403
    },
    "DJI_20241230093737_0189_V.JPG": {
      "center_distance": 0.9748076206891074,
      "hf_l1": 0.24440071833858568,
      "lpips": 0.19635535776615143,
      "missing_edge": 0.33500148818828945,
      "nearest_train_image_name": "DJI_20241230093429_0051_V.JPG",
      "pose_distance": 0.9965248268389212,
      "psnr_db": 19.533207847582183,
      "rotation_angle_deg": 15.636388427865827,
      "score50": 64.57477507940762,
      "spurious_edge": 0.04953240522540481,
      "ssim": 0.6903021560501451,
      "stratum": "hard",
      "symmetric_edge_distance": 0.0006632463244697101
    },