{
  "candidate_id": "B0-reference",
  "config_sha256": "f22ec34a5a4145e9cb299a53b6f383f6eec90b8a48bef6addca5095237c54bfa",
  "holdout_sha256": "eb1f3c620ddb32feeb68d8ca313fafd1d2a8e4e42cc54b1ad9258cf92b0617a6",
  "image_count": 26,
  "images": {
    "DJI_20241230093301_0003_V.JPG": {
      "lpips": 0.5564908981323242,
      "psnr_db": 6.2328768034752695,
      "ssim": 0.37632417519085953
    },
    "DJI_20241230093317_0004_V.JPG": {
      "lpips": 0.1421332061290741,
      "psnr_db": 24.904917483526063,
      "ssim": 0.77804426153432
    },
    "DJI_20241230093506_0072_V.JPG": {
      "lpips": 0.1818559616804123,
      "psnr_db": 20.93436337047717,
      "ssim": 0.7376175498158141
    },
    "DJI_20241230093556_0115_V.JPG": {
      "lpips": 0.19441796839237213,
      "psnr_db": 22.243353961970023,
      "ssim": 0.707677071202967
    },
    "DJI_20241230093602_0121_V.JPG": {
      "lpips": 0.22262798249721527,
      "psnr_db": 20.28940451043479,
      "ssim": 0.653263750524319
    },
    "DJI_20241230093607_0126_V.JPG": {
      "lpips": 0.19445838034152985,
      "psnr_db": 20.63405469676694,
      "ssim": 0.6981393642088317
    },
    "DJI_20241230093613_0132_V.JPG": {
      "lpips": 0.17057538032531738,
      "psnr_db": 23.294261049505614,
      "ssim": 0.7807555626890154
    },
    "DJI_20241230093621_0140_V.JPG": {
      "lpips": 0.1720724254846573,
      "psnr_db": 21.88952467292916,
      "ssim": 0.7208632304306977
    },
    "DJI_20241230093643_0148_V.JPG": {
      "lpips": 0.10714836418628693,
      "psnr_db": 25.196232415232245,
      "ssim": 0.859537320635487
    },
    "DJI_20241230093656_0161_V.JPG": {
      "lpips": 0.12286803871393204,
      "psnr_db": 25.386671304018055,
      "ssim": 0.8276104041915221
    },
    "DJI_20241230093733_0185_V.JPG": {
      "lpips": 0.19549618661403656,
      "psnr_db": 18.811521358663303,
      "ssim": 0.6928182297105523
    },
    "DJI_20241230093735_0187_V.JPG": {
      "lpips": 0.1857055276632309,
      "psnr_db": 18.318029666418305,
      "ssim": 0.705154011873425
    },
    "DJI_20241230093737_0189_V.JPG": {
      "lpips": 0.19635535776615143,
      "psnr_db": 19.533207847582183,
      "ssim": 0.6903021560501451
    },
    "DJI_20241230093740_0192_V.JPG": {
      "lpips": 0.2329469621181488,
      "psnr_db": 18.168956474293573,
      "ssim": 0.6359946647780828
    },
    "DJI_20241230093742_0194_V.JPG": {
      "lpips": 0.23170210421085358,
      "psnr_db": 18.08335062731321,
      "ssim": 0.6415436119196045
    },
    "DJI_20241230093744_0196_V.JPG": {
      "lpips": 0.21947932243347168,
      "psnr_db": 18.66089397710925,
      "ssim": 0.6728211891658653
    },
    "DJI_20241230093810_0210_V.JPG": {
      "lpips": 0.29046517610549927,
      "psnr_db": 16.263704946836327,
      "ssim": 0.5696057362040186
    },
    "DJI_20241230093929_0242_V.JPG": {
      "lpips": 0.1208835318684578,
      "psnr_db": 24.098210997754844,
      "ssim": 0.840368117703833
    },
    "DJI_20241230093932_0245_V.JPG": {
      "lpips": 0.09412458539009094,
      "psnr_db": 26.81811273511932,
      "ssim": 0.873887124157045
    },
    "DJI_20241230093935_0248_V.JPG": {
      "lpips": 0.09770547598600388,
      "psnr_db": 26.792258789060973,
      "ssim": 0.8592114322245018
    },
    "DJI_20241230093938_0251_V.JPG": {
      "lpips": 0.10594314336776733,
      "psnr_db": 27.022297556806034,
      "ssim": 0.8529552955825433
    },
    "DJI_20241230093941_0254_V.JPG": {
      "lpips": 0.11942938715219498,
      "psnr_db": 26.404654638794046,
      "ssim": 0.8418003824583867
    },
    "DJI_20241230094032_0296_V.JPG": {
      "lpips": 0.12703360617160797,
      "psnr_db": 25.42131196342119,
      "ssim": 0.8155818338968932
    },
    "DJI_20241230094038_0299_V.JPG": {
      "lpips": 0.1104322075843811,
      "psnr_db": 26.737342265523512,
      "ssim": 0.8514333594871878
    },
    "DJI_20241230094056_0314_V.JPG": {
      "lpips": 0.11394314467906952,
      "psnr_db": 26.090287663219268,
      "ssim": 0.8361550548385152
    },
    "DJI_20241230094118_0333_V.JPG": {
      "lpips": 0.139447882771492,
      "psnr_db": 25.850594975595264,
      "ssim": 0.8097459092569125
    }
  },
  "lpips_mean": 0.17868239260636842,
  "max_vram_mb": 6181.814453125,
  "peak_gaussians": 3604812,
  "psnr_db_mean": 22.08001525968638,
  "scene_id": "HCM0421",
  "schema_version": 1,
  "ssim_mean": 0.7434311846050518,
  "step": 7000,
  "total_time_seconds": 938.3419816710002,
  "valid_fraction_mean": 0.9888470141250729
}
