{
  "final": {
    "alpha_coverage": 1.0,
    "psnr_db": 27.746689941341334,
    "psnr_is_infinite": false,
    "rgb_std": 0.25224047899246216,
    "ssim": 0.9318197965621948,
    "valid_fraction": 0.9887581467628479
  },
  "final_render_non_blank": true,
  "initial": {
    "alpha_coverage": 1.0,
    "psnr_db": 11.915582539210124,
    "psnr_is_infinite": false,
    "rgb_std": 0.1014753133058548,
    "ssim": 0.29388153553009033,
    "valid_fraction": 0.9887581467628479
  },
  "psnr_delta_db": 15.83110740213121,
  "quality_improved": true,
  "ssim_delta": 0.6379382610321045,
  "train_camera_index": 0
}
