{
  "image_count": 25,
  "images": {
    "DJI_20241229103156_0001_V.JPG": {
      "lpips": 0.8575445413589478,
      "psnr_db": 10.864949587348091,
      "ssim": 0.33896110419869047
    },
    "DJI_20241229103333_0019_V.JPG": {
      "lpips": 0.9729980826377869,
      "psnr_db": 12.947357796705951,
      "ssim": 0.30621504602577243
    },
    "DJI_20241229103347_0033_V.JPG": {
      "lpips": 0.9929579496383667,
      "psnr_db": 12.101742527188721,
      "ssim": 0.31182484306309843
    },
    "DJI_20241229103413_0055_V.JPG": {
      "lpips": 0.9492002725601196,
      "psnr_db": 11.774992355999247,
      "ssim": 0.3078758709661646
    },
    "DJI_20241229103441_0073_V.JPG": {
      "lpips": 0.9760963320732117,
      "psnr_db": 11.403653173759414,
      "ssim": 0.3023966743761672
    },
    "DJI_20241229103452_0084_V.JPG": {
      "lpips": 0.9689970016479492,
      "psnr_db": 11.79941064044412,
      "ssim": 0.2868322948717502
    },
    "DJI_20241229103457_0089_V.JPG": {
      "lpips": 0.9851946830749512,
      "psnr_db": 11.98682890442596,
      "ssim": 0.2970370959209231
    },
    "DJI_20241229103502_0094_V.JPG": {
      "lpips": 0.949577808380127,
      "psnr_db": 12.731379885853372,
      "ssim": 0.3347540757925564
    },
    "DJI_20241229103507_0099_V.JPG": {
      "lpips": 0.9394813776016235,
      "psnr_db": 12.082006817889226,
      "ssim": 0.3179127029170715
    },
    "DJI_20241229103807_0187_V.JPG": {
      "lpips": 0.8724417090415955,
      "psnr_db": 11.518389056879673,
      "ssim": 0.3085931075408196
    },
    "DJI_20241229103814_0194_V.JPG": {
      "lpips": 0.9089024662971497,
      "psnr_db": 10.35587388948711,
      "ssim": 0.26475787407847634
    },
    "DJI_20241229103817_0197_V.JPG": {
      "lpips": 0.8569203615188599,
      "psnr_db": 10.920597423329117,
      "ssim": 0.30618401629946207
    },
    "DJI_20241229103819_0199_V.JPG": {
      "lpips": 0.8761215209960938,
      "psnr_db": 11.192888195767832,
      "ssim": 0.31824351945238966
    },
    "DJI_20241229103823_0203_V.JPG": {
      "lpips": 0.8712116479873657,
      "psnr_db": 10.773862588968255,
      "ssim": 0.3135802903567717
    },
    "DJI_20241229103826_0206_V.JPG": {
      "lpips": 0.861288845539093,
      "psnr_db": 10.811500298017531,
      "ssim": 0.29778232537491606
    },
    "DJI_20241229103829_0209_V.JPG": {
      "lpips": 0.9017959237098694,
      "psnr_db": 10.46398871916808,
      "ssim": 0.30640490711614926
    },
    "DJI_20241229103851_0211_V.JPG": {
      "lpips": 0.8924745917320251,
      "psnr_db": 11.439163855034895,
      "ssim": 0.32203798370771286
    },
    "DJI_20241229103903_0223_V.JPG": {
      "lpips": 0.8684560060501099,
      "psnr_db": 11.143500255310304,
      "ssim": 0.29818272974380133
    },
    "DJI_20241229103906_0226_V.JPG": {
      "lpips": 0.8935089111328125,
      "psnr_db": 11.642734617559489,
      "ssim": 0.3096649804070264
    },
    "DJI_20241229103911_0231_V.JPG": {
      "lpips": 0.8612145781517029,
      "psnr_db": 12.010381990829984,
      "ssim": 0.3089505865265971
    },
    "DJI_20241229103916_0236_V.JPG": {
      "lpips": 0.8670555353164673,
      "psnr_db": 11.166345929634554,
      "ssim": 0.29856855382375713
    },
    "DJI_20241229104005_0248_V.JPG": {
      "lpips": 0.8956995010375977,
      "psnr_db": 11.41489661946904,
      "ssim": 0.3442403676896724
    },
    "DJI_20241229104012_0255_V.JPG": {
      "lpips": 0.9013930559158325,
      "psnr_db": 11.559990570614794,
      "ssim": 0.32949958355051107
    },
    "DJI_20241229104056_0285_V.JPG": {
      "lpips": 0.882416844367981,
      "psnr_db": 12.14145025468548,
      "ssim": 0.34547235408444327
    },
    "DJI_20241229104114_0297_V.JPG": {
      "lpips": 0.9264434576034546,
      "psnr_db": 11.992839278081277,
      "ssim": 0.3267502862917478
    }
  },
  "lpips_mean": 0.9091757202148437,
  "psnr_db_mean": 11.52962900929806,
  "ssim_mean": 0.3121089269670579,
  "valid_fraction_mean": 0.9887581579189263
}
