{
  "alpha_coverage": 1.0,
  "psnr_db": 11.468502978996927,
  "psnr_is_infinite": false,
  "rgb_std": 0.10674646496772766,
  "ssim": 0.3391401171684265,
  "valid_fraction": 0.9887581467628479
}
