{
  "alpha_coverage": 1.0,
  "psnr_db": 10.558414301797407,
  "psnr_is_infinite": false,
  "rgb_std": 0.11611820757389069,
  "ssim": 0.3477480411529541,
  "valid_fraction": 0.9886616468429565
}
