{
  "final": {
    "alpha_coverage": 1.0,
    "psnr_db": 23.944721069534374,
    "psnr_is_infinite": false,
    "rgb_std": 0.2455422729253769,
    "ssim": 0.8603664040565491,
    "valid_fraction": 0.9886616468429565
  },
  "final_render_non_blank": true,
  "initial": {
    "alpha_coverage": 1.0,
    "psnr_db": 11.473133783187961,
    "psnr_is_infinite": false,
    "rgb_std": 0.09324024617671967,
    "ssim": 0.38400256633758545,
    "valid_fraction": 0.9886616468429565
  },
  "psnr_delta_db": 12.471587286346413,
  "quality_improved": true,
  "ssim_delta": 0.4763638377189636,
  "train_camera_index": 0
}
