{
  "hf_l1_mean": 0.22523801203328642,
  "image_count": 24,
  "images": {
    "DJI_20241229082953_0001_V.JPG": {
      "hf_l1": 0.2560788144574206,
      "missing_edge": 0.36229419427628184,
      "spurious_edge": 0.04492486765840935,
      "symmetric_edge_distance": 0.0007106890720738673
    },
    "DJI_20241229083055_0007_V.JPG": {
      "hf_l1": 0.252139762682565,
      "missing_edge": 0.3112156152904119,
      "spurious_edge": 0.03150627235844617,
      "symmetric_edge_distance": 0.0006215728027718306
    },
    "DJI_20241229083105_0017_V.JPG": {
      "hf_l1": 0.23768713513058906,
      "missing_edge": 0.28349865691732457,
      "spurious_edge": 0.03506814939518879,
      "symmetric_edge_distance": 0.000504943503906351
    },
    "DJI_20241229083114_0026_V.JPG": {
      "hf_l1": 0.1932828708753743,
      "missing_edge": 0.35258475254632726,
      "spurious_edge": 0.023101346519824643,
      "symmetric_edge_distance": 0.0006587093035703993
    },
    "DJI_20241229083201_0067_V.JPG": {
      "hf_l1": 0.25393753874122815,
      "missing_edge": 0.3240117302264457,
      "spurious_edge": 0.03361531795087577,
      "symmetric_edge_distance": 0.0006364793827874873
    },
    "DJI_20241229083231_0072_V.JPG": {
      "hf_l1": 0.26729008956502537,
      "missing_edge": 0.4401382778415096,
      "spurious_edge": 0.03551785383185718,
      "symmetric_edge_distance": 0.000904270075931007
    },
    "DJI_20241229083236_0077_V.JPG": {
      "hf_l1": 0.28212792981977053,
      "missing_edge": 0.4681580392521819,
      "spurious_edge": 0.04374270692526771,
      "symmetric_edge_distance": 0.0013705614863942883
    },
    "DJI_20241229083241_0082_V.JPG": {
      "hf_l1": 0.2685185193712902,
      "missing_edge": 0.5237994569592471,
      "spurious_edge": 0.03882787086705007,
      "symmetric_edge_distance": 0.0014123104624899198
    },
    "DJI_20241229083246_0087_V.JPG": {
      "hf_l1": 0.22649264592322954,
      "missing_edge": 0.5455139824297416,
      "spurious_edge": 0.030767496367149844,
      "symmetric_edge_distance": 0.0017679592734449912
    },
    "DJI_20241229083251_0092_V.JPG": {
      "hf_l1": 0.2322433015278883,
      "missing_edge": 0.5199835032110613,
      "spurious_edge": 0.040283881262501424,
      "symmetric_edge_distance": 0.0017287215411274156
    },
    "DJI_20241229083256_0097_V.JPG": {
      "hf_l1": 0.32458745466776884,
      "missing_edge": 0.603213614136396,
      "spurious_edge": 0.0539699498105567,
      "symmetric_edge_distance": 0.0026419094017613165
    },
    "DJI_20241229083341_0122_V.JPG": {
      "hf_l1": 0.2098596260381646,
      "missing_edge": 0.2285847741790766,
      "spurious_edge": 0.02168078558911164,
      "symmetric_edge_distance": 0.00034732017043156006
    },
    "DJI_20241229083417_0149_V.JPG": {
      "hf_l1": 0.15854745123318525,
      "missing_edge": 0.20289217960376807,
      "spurious_edge": 0.020132219975511362,
      "symmetric_edge_distance": 0.00032779988645527576
    },
    "DJI_20241229083422_0154_V.JPG": {
      "hf_l1": 0.1594767865158208,
      "missing_edge": 0.20353284353077267,
      "spurious_edge": 0.023443774876566802,
      "symmetric_edge_distance": 0.00046181488317596135
    },
    "DJI_20241229083428_0160_V.JPG": {
      "hf_l1": 0.19095306568315565,
      "missing_edge": 0.18537705924368097,
      "spurious_edge": 0.027937493320859718,
      "symmetric_edge_distance": 0.00033856236495225254
    },
    "DJI_20241229083434_0166_V.JPG": {
      "hf_l1": 0.2214840371996006,
      "missing_edge": 0.21095413111428157,
      "spurious_edge": 0.027709195934675593,
      "symmetric_edge_distance": 0.0003718012919627276
    },
    "DJI_20241229083439_0171_V.JPG": {
      "hf_l1": 0.1918169147639656,
      "missing_edge": 0.19808677225792135,
      "spurious_edge": 0.02357025763933494,
      "symmetric_edge_distance": 0.0002913160409012471
    },
    "DJI_20241229083443_0175_V.JPG": {
      "hf_l1": 0.1824911958205034,
      "missing_edge": 0.17694589775387667,
      "spurious_edge": 0.02122009568482375,
      "symmetric_edge_distance": 0.00027803585007391685
    },
    "DJI_20241229083956_0297_V.JPG": {
      "hf_l1": 0.19747049724192675,
      "missing_edge": 0.216509727182451,
      "spurious_edge": 0.025890618767831095,
      "symmetric_edge_distance": 0.0003517873020563247
    },
    "DJI_20241229084005_0306_V.JPG": {
      "hf_l1": 0.15267744770350064,
      "missing_edge": 0.21706486416242973,
      "spurious_edge": 0.018227298945840343,
      "symmetric_edge_distance": 0.0003329930498354212
    },
    "DJI_20241229084116_0351_V.JPG": {
      "hf_l1": 0.20840232824887991,
      "missing_edge": 0.32373704839417144,
      "spurious_edge": 0.02149736724988005,
      "symmetric_edge_distance": 0.0006038925147583516
    },
    "DJI_20241229084124_0359_V.JPG": {
      "hf_l1": 0.2506047442825991,
      "missing_edge": 0.29927841398812977,
      "spurious_edge": 0.02674796019518849,
      "symmetric_edge_distance": 0.0005427534207499907
    },
    "DJI_20241229084150_0376_V.JPG": {
      "hf_l1": 0.2188690770490014,
      "missing_edge": 0.3306753471712162,
      "spurious_edge": 0.024540507106805925,
      "symmetric_edge_distance": 0.0005867987690484704
    },
    "DJI_20241229084154_0380_V.JPG": {
      "hf_l1": 0.26867305425642074,
      "missing_edge": 0.3764265423934222,
      "spurious_edge": 0.03337960629839479,
      "symmetric_edge_distance": 0.0009089907458961106
    }
  },
  "missing_edge_mean": 0.32935322600258865,
  "scene_id": "HCM0644",
  "schema_version": 1,
  "spurious_edge_mean": 0.030304287272164675,
  "symmetric_edge_distance_mean": 0.0007792496915231869
}
