{
  "candidate_id": "B0-reference",
  "config_sha256": "7ddf05f805c214968fb232dcf92ff31991de11688416ba003e472b5336097810",
  "holdout_sha256": "d578c44172ea3bf5617a5c15b76a8aa972ea99cc4d63f863a895845388620659",
  "image_count": 24,
  "images": {
    "DJI_20241229082953_0001_V.JPG": {
      "center_distance": 1.2702827867933397,
      "hf_l1": 0.2560788144574206,
      "lpips": 0.21181675791740417,
      "missing_edge": 0.36229419427628184,
      "nearest_train_image_name": "DJI_20241229083432_0164_V.JPG",
      "pose_distance": 1.3110128165664003,
      "psnr_db": 19.63747688511792,
      "rotation_angle_deg": 29.325621436603527,
      "score50": 64.44880394359281,
      "spurious_edge": 0.04492486765840935,
      "ssim": 0.7046329376406072,
      "stratum": "hard",
      "symmetric_edge_distance": 0.0007106890720738673
    },
    "DJI_20241229083055_0007_V.JPG": {
      "center_distance": 0.11071493826433261,
      "hf_l1": 0.252139762682565,
      "lpips": 0.14815494418144226,
      "missing_edge": 0.3112156152904119,
      "nearest_train_image_name": "DJI_20241229083124_0036_V.JPG",
      "pose_distance": 0.1248911248814699,
      "psnr_db": 20.55073004010739,
      "rotation_angle_deg": 10.206854364338849,
      "score50": 69.80516575846065,
      "spurious_edge": 0.03150627235844617,
      "ssim": 0.7800308500551302,
      "stratum": "easy",
      "symmetric_edge_distance": 0.0006215728027718306
    },
    "DJI_20241229083105_0017_V.JPG": {
      "center_distance": 0.11642073561633683,
      "hf_l1": 0.23768713513058906,
      "lpips": 0.14637668430805206,
      "missing_edge": 0.28349865691732457,
      "nearest_train_image_name": "DJI_20241229083104_0016_V.JPG",
      "pose_distance": 0.13295934600521542,
      "psnr_db": 21.36236240541659,
      "rotation_angle_deg": 11.907799479992583,
      "score50": 69.91476367717722,
      "spurious_edge": 0.03506814939518879,
      "ssim": 0.7650804535416448,
      "stratum": "medium",
      "symmetric_edge_distance": 0.000504943503906351
    },
    "DJI_20241229083114_0026_V.JPG": {
      "center_distance": 0.13537297073151822,
      "hf_l1": 0.1932828708753743,
      "lpips": 0.18650740385055542,
      "missing_edge": 0.35258475254632726,
      "nearest_train_image_name": "DJI_20241229084026_0320_V.JPG",
      "pose_distance": 0.1783964790374412,
      "psnr_db": 21.011307852303776,
      "rotation_angle_deg": 30.976925980264557,
      "score50": 68.16121371625484,
      "spurious_edge": 0.023101346519824643,
      "ssim": 0.7671575052964927,
      "stratum": "medium",
      "symmetric_edge_distance": 0.0006587093035703993
    },
    "DJI_20241229083201_0067_V.JPG": {
      "center_distance": 0.08068418478054751,
      "hf_l1": 0.25393753874122815,
      "lpips": 0.15497373044490814,
      "missing_edge": 0.3240117302264457,
      "nearest_train_image_name": "DJI_20241229084057_0340_V.JPG",
      "pose_distance": 0.12241150864991443,
      "psnr_db": 21.964463239731316,
      "rotation_angle_deg": 30.04367318594418,
      "score50": 69.89996160430194,
      "spurious_edge": 0.03361531795087577,
      "ssim": 0.7640077626086489,
      "stratum": "easy",
      "symmetric_edge_distance": 0.0006364793827874873
    },
    "DJI_20241229083231_0072_V.JPG": {
      "center_distance": 0.10686750867238441,
      "hf_l1": 0.26729008956502537,
      "lpips": 0.22643467783927917,
      "missing_edge": 0.4401382778415096,
      "nearest_train_image_name": "DJI_20241229083232_0073_V.JPG",
      "pose_distance": 0.12244695047932047,
      "psnr_db": 20.833347018712274,
      "rotation_angle_deg": 11.217198100993965,
      "score50": 63.83477841895885,
      "spurious_edge": 0.03551785383185718,
      "ssim": 0.679738577376755,
      "stratum": "easy",
      "symmetric_edge_distance": 0.000904270075931007
    },
    "DJI_20241229083236_0077_V.JPG": {
      "center_distance": 0.20029701408126024,
      "hf_l1": 0.28212792981977053,
      "lpips": 0.25449496507644653,
      "missing_edge": 0.4681580392521819,
      "nearest_train_image_name": "DJI_20241229083238_0079_V.JPG",
      "pose_distance": 0.2241130618852863,
      "psnr_db": 19.34044886446548,
      "rotation_angle_deg": 17.147554418898757,
      "score50": 60.795295864256,
      "spurious_edge": 0.04374270692526771,
      "ssim": 0.6456941716211524,
      "stratum": "hard",
      "symmetric_edge_distance": 0.0013705614863942883
    },
    "DJI_20241229083241_0082_V.JPG": {
      "center_distance": 0.20792904210095908,
      "hf_l1": 0.2685185193712902,
      "lpips": 0.27485471963882446,
      "missing_edge": 0.5237994569592471,
      "nearest_train_image_name": "DJI_20241229083243_0084_V.JPG",
      "pose_distance": 0.23686973842989645,
      "psnr_db": 19.40231959228839,
      "rotation_angle_deg": 20.837301356834903,
      "score50": 60.09041282420975,
      "spurious_edge": 0.03882787086705007,
      "ssim": 0.648106995146323,
      "stratum": "hard",
      "symmetric_edge_distance": 0.0014123104624899198
    },
    "DJI_20241229083246_0087_V.JPG": {
      "center_distance": 0.1918326899128976,
      "hf_l1": 0.22649264592322954,
      "lpips": 0.27041390538215637,
      "missing_edge": 0.5455139824297416,
      "nearest_train_image_name": "DJI_20241229083244_0085_V.JPG",
      "pose_distance": 0.2186970189993623,
      "psnr_db": 20.870620005907618,
      "rotation_angle_deg": 19.342316942254605,
      "score50": 61.78103856471382,
      "spurious_edge": 0.030767496367149844,
      "ssim": 0.6691740925485167,
      "stratum": "medium",
      "symmetric_edge_distance": 0.0017679592734449912
    },
    "DJI_20241229083251_0092_V.JPG": {
      "center_distance": 0.19557193211035756,
      "hf_l1": 0.2322433015278883,
      "lpips": 0.30794915556907654,
      "missing_edge": 0.5199835032110613,
      "nearest_train_image_name": "DJI_20241229083249_0090_V.JPG",
      "pose_distance": 0.221512614520121,
      "psnr_db": 19.49271635444881,
      "rotation_angle_deg": 18.677291335029672,
      "score50": 58.60018508928144,
      "spurious_edge": 0.040283881262501424,
      "ssim": 0.6407507166458405,
      "stratum": "hard",
      "symmetric_edge_distance": 0.0017287215411274156
    },
    "DJI_20241229083256_0097_V.JPG": {
      "center_distance": 0.4934652277708788,
      "hf_l1": 0.32458745466776884,
      "lpips": 0.35205429792404175,
      "missing_edge": 0.603213614136396,
      "nearest_train_image_name": "DJI_20241229084141_0367_V.JPG",
      "pose_distance": 0.5454837484495644,
      "psnr_db": 17.208319866227953,
      "rotation_angle_deg": 37.45333488865363,
      "score50": 51.031047395999096,
      "spurious_edge": 0.0539699498105567,
      "ssim": 0.4929409131074663,
      "stratum": "hard",
      "symmetric_edge_distance": 0.0026419094017613165
    },
    "DJI_20241229083341_0122_V.JPG": {
      "center_distance": 0.11229889679402752,
      "hf_l1": 0.2098596260381646,
      "lpips": 0.11266717314720154,
      "missing_edge": 0.2285847741790766,
      "nearest_train_image_name": "DJI_20241229083340_0121_V.JPG",
      "pose_distance": 0.12401812478080224,
      "psnr_db": 24.233300983527066,
      "rotation_angle_deg": 8.437844150477792,
      "score50": 75.5114699568123,
      "spurious_edge": 0.02168078558911164,
      "ssim": 0.8492725430861374,
      "stratum": "easy",
      "symmetric_edge_distance": 0.00034732017043156006
    },
    "DJI_20241229083417_0149_V.JPG": {
      "center_distance": 0.1001349011107583,
      "hf_l1": 0.15854745123318525,
      "lpips": 0.1005745679140091,
      "missing_edge": 0.20289217960376807,
      "nearest_train_image_name": "DJI_20241229083416_0148_V.JPG",
      "pose_distance": 0.10695524563571401,
      "psnr_db": 24.693610901669377,
      "rotation_angle_deg": 4.9106480579681095,
      "score50": 76.75106727296706,
      "spurious_edge": 0.020132219975511362,
      "ssim": 0.8652627816175268,
      "stratum": "easy",
      "symmetric_edge_distance": 0.00032779988645527576
    },