{
  "candidate_id": "B0-reference",
  "config_sha256": "7ddf05f805c214968fb232dcf92ff31991de11688416ba003e472b5336097810",
  "holdout_sha256": "d578c44172ea3bf5617a5c15b76a8aa972ea99cc4d63f863a895845388620659",
  "image_count": 24,
  "images": {
    "DJI_20241229082953_0001_V.JPG": {
      "lpips": 0.21181675791740417,
      "psnr_db": 19.63747688511792,
      "ssim": 0.7046329376406072
    },
    "DJI_20241229083055_0007_V.JPG": {
      "lpips": 0.14815494418144226,
      "psnr_db": 20.55073004010739,
      "ssim": 0.7800308500551302
    },
    "DJI_20241229083105_0017_V.JPG": {
      "lpips": 0.14637668430805206,
      "psnr_db": 21.36236240541659,
      "ssim": 0.7650804535416448
    },
    "DJI_20241229083114_0026_V.JPG": {
      "lpips": 0.18650740385055542,
      "psnr_db": 21.011307852303776,
      "ssim": 0.7671575052964927
    },
    "DJI_20241229083201_0067_V.JPG": {
      "lpips": 0.15497373044490814,
      "psnr_db": 21.964463239731316,
      "ssim": 0.7640077626086489
    },
    "DJI_20241229083231_0072_V.JPG": {
      "lpips": 0.22643467783927917,
      "psnr_db": 20.833347018712274,
      "ssim": 0.679738577376755
    },
    "DJI_20241229083236_0077_V.JPG": {
      "lpips": 0.25449496507644653,
      "psnr_db": 19.34044886446548,
      "ssim": 0.6456941716211524
    },
    "DJI_20241229083241_0082_V.JPG": {
      "lpips": 0.27485471963882446,
      "psnr_db": 19.40231959228839,
      "ssim": 0.648106995146323
    },
    "DJI_20241229083246_0087_V.JPG": {
      "lpips": 0.27041390538215637,
      "psnr_db": 20.870620005907618,
      "ssim": 0.6691740925485167
    },
    "DJI_20241229083251_0092_V.JPG": {
      "lpips": 0.30794915556907654,
      "psnr_db": 19.49271635444881,
      "ssim": 0.6407507166458405
    },
    "DJI_20241229083256_0097_V.JPG": {
      "lpips": 0.35205429792404175,
      "psnr_db": 17.208319866227953,
      "ssim": 0.4929409131074663
    },
    "DJI_20241229083341_0122_V.JPG": {
      "lpips": 0.11266717314720154,
      "psnr_db": 24.233300983527066,
      "ssim": 0.8492725430861374
    },
    "DJI_20241229083417_0149_V.JPG": {
      "lpips": 0.1005745679140091,
      "psnr_db": 24.693610901669377,
      "ssim": 0.8652627816175268
    },
    "DJI_20241229083422_0154_V.JPG": {
      "lpips": 0.13022902607917786,
      "psnr_db": 24.86245340235712,
      "ssim": 0.8329015112597162
    },
    "DJI_20241229083428_0160_V.JPG": {
      "lpips": 0.1163938120007515,
      "psnr_db": 23.674397557908463,
      "ssim": 0.8423832782099417
    },
    "DJI_20241229083434_0166_V.JPG": {
      "lpips": 0.11661028861999512,
      "psnr_db": 23.969861005054725,
      "ssim": 0.8328725784789706
    },
    "DJI_20241229083439_0171_V.JPG": {
      "lpips": 0.09414900094270706,
      "psnr_db": 23.744018893081137,
      "ssim": 0.8365183454448677
    },
    "DJI_20241229083443_0175_V.JPG": {
      "lpips": 0.0995899885892868,
      "psnr_db": 25.48063490017132,
      "ssim": 0.8683152881659919
    },
    "DJI_20241229083956_0297_V.JPG": {
      "lpips": 0.09996022284030914,
      "psnr_db": 24.23923757292635,
      "ssim": 0.8334909725891408
    },
    "DJI_20241229084005_0306_V.JPG": {
      "lpips": 0.11025487631559372,
      "psnr_db": 25.036454273804285,
      "ssim": 0.8626227989084149
    },
    "DJI_20241229084116_0351_V.JPG": {
      "lpips": 0.16150589287281036,
      "psnr_db": 21.550591329446412,
      "ssim": 0.8001363636727118
    },
    "DJI_20241229084124_0359_V.JPG": {
      "lpips": 0.14181160926818848,
      "psnr_db": 21.670386475909076,
      "ssim": 0.7975134597902309
    },
    "DJI_20241229084150_0376_V.JPG": {
      "lpips": 0.15953068435192108,
      "psnr_db": 22.308387331676606,
      "ssim": 0.8088383398706143
    },
    "DJI_20241229084154_0380_V.JPG": {
      "lpips": 0.19134992361068726,
      "psnr_db": 19.79035927197128,
      "ssim": 0.7559633469141843
    }
  },
  "lpips_mean": 0.17369409619520107,
  "max_vram_mb": 6310.75537109375,
  "peak_gaussians": 3656708,
  "psnr_db_mean": 21.95532525100961,
  "scene_id": "HCM0644",
  "schema_version": 1,
  "ssim_mean": 0.7643086076498761,
  "step": 7000,
  "total_time_seconds": 967.6098577269995,
  "valid_fraction_mean": 0.9886616416950087
}
