{
  "final": {
    "alpha_coverage": 1.0,
    "psnr_db": 22.147358878579716,
    "psnr_is_infinite": false,
    "rgb_std": 0.20582814514636993,
    "ssim": 0.6513224840164185,
    "valid_fraction": 1.0
  },
  "final_render_non_blank": true,
  "initial": {
    "alpha_coverage": 1.0,
    "psnr_db": 12.617960582140878,
    "psnr_is_infinite": false,
    "rgb_std": 0.05340515449643135,
    "ssim": 0.3249061107635498,
    "valid_fraction": 1.0
  },
  "psnr_delta_db": 9.529398296438838,
  "quality_improved": true,
  "ssim_delta": 0.32641637325286865,
  "train_camera_index": 0
}
