{
  "hf_l1_mean": 0.20758511802364174,
  "image_count": 20,
  "images": {
    "frame_000020.jpg": {
      "hf_l1": 0.29789061951933543,
      "missing_edge": 0.4012383363711954,
      "spurious_edge": 0.041196303609603024,
      "symmetric_edge_distance": 0.0012975431124251221
    },
    "frame_000100.jpg": {
      "hf_l1": 0.25642035934946894,
      "missing_edge": 0.47071049506696794,
      "spurious_edge": 0.02826570561292912,
      "symmetric_edge_distance": 0.0015544642702300339
    },
    "frame_000145.jpg": {
      "hf_l1": 0.2659128652982026,
      "missing_edge": 0.5121021594472989,
      "spurious_edge": 0.03447393818322315,
      "symmetric_edge_distance": 0.0031627379742783187
    },
    "frame_000180.jpg": {
      "hf_l1": 0.2608694639161221,
      "missing_edge": 0.5455313896056284,
      "spurious_edge": 0.04374669623821623,
      "symmetric_edge_distance": 0.004657111737013428
    },
    "frame_000215.jpg": {
      "hf_l1": 0.30793375889331426,
      "missing_edge": 0.5383912569394425,
      "spurious_edge": 0.038485375321274225,
      "symmetric_edge_distance": 0.0059972769426346745
    },
    "frame_000245.jpg": {
      "hf_l1": 0.3423464533803106,
      "missing_edge": 0.6003089238506103,
      "spurious_edge": 0.03944244060121664,
      "symmetric_edge_distance": 0.0088148695125208
    },
    "frame_000290.jpg": {
      "hf_l1": 0.3227536130770015,
      "missing_edge": 0.4722587636163947,
      "spurious_edge": 0.027892166568553513,
      "symmetric_edge_distance": 0.0022457819022505283
    },
    "frame_000340.jpg": {
      "hf_l1": 0.24178082713779958,
      "missing_edge": 0.4114604227542261,
      "spurious_edge": 0.04740665182315068,
      "symmetric_edge_distance": 0.0019747861229927935
    },
    "frame_000390.jpg": {
      "hf_l1": 0.19884548087724668,
      "missing_edge": 0.4854742028792426,
      "spurious_edge": 0.052544654825238526,
      "symmetric_edge_distance": 0.002042188585990364
    },
    "frame_000455.jpg": {
      "hf_l1": 0.21368145077614384,
      "missing_edge": 0.45781656766199313,
      "spurious_edge": 0.07361297158763108,
      "symmetric_edge_distance": 0.0026165162287172796
    },
    "frame_000500.jpg": {
      "hf_l1": 0.21421157978451802,
      "missing_edge": 0.47700199891437983,
      "spurious_edge": 0.16574875995896776,
      "symmetric_edge_distance": 0.002368310567962486
    },
    "frame_000685.jpg": {
      "hf_l1": 0.1822973330269607,
      "missing_edge": 0.3741312019059494,
      "spurious_edge": 0.03831733851705846,
      "symmetric_edge_distance": 0.0017314350227485595
    },
    "frame_000745.jpg": {
      "hf_l1": 0.11444470668232568,
      "missing_edge": 0.5383722659455142,
      "spurious_edge": 0.033120085978427895,
      "symmetric_edge_distance": 0.012051584540692474
    },
    "frame_000805.jpg": {
      "hf_l1": 0.10444556851681647,
      "missing_edge": 0.35900113022545693,
      "spurious_edge": 0.028494507600371106,
      "symmetric_edge_distance": 0.0009540562101957841
    },
    "frame_000910.jpg": {
      "hf_l1": 0.07148589726307188,
      "missing_edge": 0.7350434372704755,
      "spurious_edge": 0.0470170642292657,
      "symmetric_edge_distance": 0.011551585750428502
    },
    "frame_000960.jpg": {
      "hf_l1": 0.09891642972154137,
      "missing_edge": 0.4644800261761181,
      "spurious_edge": 0.060065117666785836,
      "symmetric_edge_distance": 0.002033629506993683
    },
    "frame_001010.jpg": {
      "hf_l1": 0.13107151972698802,
      "missing_edge": 0.605670051125291,
      "spurious_edge": 0.03864490668466529,
      "symmetric_edge_distance": 0.003518997421159659
    },
    "frame_001075.jpg": {
      "hf_l1": 0.15027110056678922,
      "missing_edge": 0.36037065778331395,
      "spurious_edge": 0.031622815781453144,
      "symmetric_edge_distance": 0.0031339067259315845
    },
    "frame_001135.jpg": {
      "hf_l1": 0.18843754352192263,
      "missing_edge": 0.4759605945278351,
      "spurious_edge": 0.025203656090415773,
      "symmetric_edge_distance": 0.0016281921267056148
    },
    "frame_001190.jpg": {
      "hf_l1": 0.18768578943695527,
      "missing_edge": 0.70672869293369,
      "spurious_edge": 0.03338946957516501,
      "symmetric_edge_distance": 0.008350316822710818
    }
  },
  "missing_edge_mean": 0.4996026287500513,
  "scene_id": "chair",
  "schema_version": 1,
  "spurious_edge_mean": 0.046434531322680606,
  "symmetric_edge_distance_mean": 0.004084264554229125
}
