{
  "candidate_id": "B0-reference",
  "config_sha256": "d46c4f58c3a2f573858f1b1e8b038e88a2ee0d9284a4f20afa7ce23db6df9c7e",
  "holdout_sha256": "62348b814d9252f51e1ea4d355530c45d88291fa7a214db0f472a5381e2c7853",
  "image_count": 20,
  "images": {
    "frame_000020.jpg": {
      "center_distance": 0.024538160895471464,
      "hf_l1": 0.29789061951933543,
      "lpips": 0.308848112821579,
      "missing_edge": 0.4012383363711954,
      "nearest_train_image_name": "frame_000005.jpg",
      "pose_distance": 0.02850194170363311,
      "psnr_db": 22.437110068207264,
      "rotation_angle_deg": 2.8539221818763836,
      "score50": 61.19972235505065,
      "spurious_edge": 0.041196303609603024,
      "ssim": 0.669712694232982,
      "stratum": "easy",
      "symmetric_edge_distance": 0.0012975431124251221
    },
    "frame_000100.jpg": {
      "center_distance": 0.08397506488687378,
      "hf_l1": 0.25642035934946894,
      "lpips": 0.3099942207336426,
      "missing_edge": 0.47071049506696794,
      "nearest_train_image_name": "frame_000110.jpg",
      "pose_distance": 0.09089121711729917,
      "psnr_db": 22.932326252665256,
      "rotation_angle_deg": 4.979629605906276,
      "score50": 62.15158786541744,
      "spurious_edge": 0.02826570561292912,
      "ssim": 0.6930653647721331,
      "stratum": "easy",
      "symmetric_edge_distance": 0.0015544642702300339
    },
    "frame_000145.jpg": {
      "center_distance": 0.10177813838967932,
      "hf_l1": 0.2659128652982026,
      "lpips": 0.4156232178211212,
      "missing_edge": 0.5121021594472989,
      "nearest_train_image_name": "frame_000135.jpg",
      "pose_distance": 0.10937263644171524,
      "psnr_db": 22.48556172434892,
      "rotation_angle_deg": 5.4680385974658625,
      "score50": 57.37838594148558,
      "spurious_edge": 0.03447393818322315,
      "ssim": 0.6837325873240359,
      "stratum": "medium",
      "symmetric_edge_distance": 0.0031627379742783187
    },
    "frame_000180.jpg": {
      "center_distance": 0.12411229653607052,
      "hf_l1": 0.2608694639161221,
      "lpips": 0.3955938220024109,
      "missing_edge": 0.5455313896056284,
      "nearest_train_image_name": "frame_000170.jpg",
      "pose_distance": 0.13280012444478867,
      "psnr_db": 20.200484185262372,
      "rotation_angle_deg": 6.255236094277078,
      "score50": 55.68489735195436,
      "spurious_edge": 0.04374669623821623,
      "ssim": 0.6462786573631126,
      "stratum": "medium",
      "symmetric_edge_distance": 0.004657111737013428
    },
    "frame_000215.jpg": {
      "center_distance": 0.1370682818259453,
      "hf_l1": 0.30793375889331426,
      "lpips": 0.4285847544670105,
      "missing_edge": 0.5383912569394425,
      "nearest_train_image_name": "frame_000225.jpg",
      "pose_distance": 0.14672361651901836,
      "psnr_db": 17.31818696042651,
      "rotation_angle_deg": 6.951840979012595,
      "score50": 50.77759734729067,
      "spurious_edge": 0.038485375321274225,
      "ssim": 0.5843358449905063,
      "stratum": "medium",
      "symmetric_edge_distance": 0.0059972769426346745
    },
    "frame_000245.jpg": {
      "center_distance": 0.20393796443677656,
      "hf_l1": 0.3423464533803106,
      "lpips": 0.5588632822036743,
      "missing_edge": 0.6003089238506103,
      "nearest_train_image_name": "frame_000260.jpg",
      "pose_distance": 0.2177730510546594,
      "psnr_db": 13.413975537447161,
      "rotation_angle_deg": 9.961262364875655,
      "score50": 41.39476262589563,
      "spurious_edge": 0.03944244060121664,
      "ssim": 0.5233636197191434,
      "stratum": "hard",
      "symmetric_edge_distance": 0.0088148695125208
    },
    "frame_000290.jpg": {
      "center_distance": 0.1290836007472778,
      "hf_l1": 0.3227536130770015,
      "lpips": 0.39481857419013977,
      "missing_edge": 0.4722587636163947,
      "nearest_train_image_name": "frame_000280.jpg",
      "pose_distance": 0.13811769217532793,
      "psnr_db": 17.975302505073284,
      "rotation_angle_deg": 6.504545828196113,
      "score50": 53.76094512138087,
      "spurious_edge": 0.027892166568553513,
      "ssim": 0.6256168861980829,
      "stratum": "medium",
      "symmetric_edge_distance": 0.0022457819022505283
    },
    "frame_000340.jpg": {
      "center_distance": 0.1002514354690776,
      "hf_l1": 0.24178082713779958,
      "lpips": 0.320959210395813,
      "missing_edge": 0.4114604227542261,
      "nearest_train_image_name": "frame_000350.jpg",
      "pose_distance": 0.10771219990935015,
      "psnr_db": 21.873024746965175,
      "rotation_angle_deg": 5.37175039699624,
      "score50": 61.239084881810484,
      "spurious_edge": 0.04740665182315068,
      "ssim": 0.6984546149821297,
      "stratum": "easy",
      "symmetric_edge_distance": 0.0019747861229927935
    },
    "frame_000390.jpg": {
      "center_distance": 0.24754964484899136,
      "hf_l1": 0.19884548087724668,
      "lpips": 0.3138490319252014,
      "missing_edge": 0.4854742028792426,
      "nearest_train_image_name": "frame_000370.jpg",
      "pose_distance": 0.26320906387528736,
      "psnr_db": 21.767483279306,
      "rotation_angle_deg": 11.274781698933126,
      "score50": 61.37350967752473,
      "spurious_edge": 0.052544654825238526,
      "ssim": 0.6955660328983062,
      "stratum": "hard",
      "symmetric_edge_distance": 0.002042188585990364
    },
    "frame_000455.jpg": {
      "center_distance": 0.15397217845171574,
      "hf_l1": 0.21368145077614384,
      "lpips": 0.36646437644958496,
      "missing_edge": 0.45781656766199313,
      "nearest_train_image_name": "frame_000470.jpg",
      "pose_distance": 0.16680991858231453,
      "psnr_db": 22.890553296184248,
      "rotation_angle_deg": 9.243172894031142,
      "score50": 58.07115145501074,
      "spurious_edge": 0.07361297158763108,
      "ssim": 0.6331798178427863,
      "stratum": "hard",
      "symmetric_edge_distance": 0.0026165162287172796
    },
    "frame_000500.jpg": {
      "center_distance": 0.09874019292084407,
      "hf_l1": 0.21421157978451802,
      "lpips": 0.4578315019607544,
      "missing_edge": 0.47700199891437983,
      "nearest_train_image_name": "frame_000490.jpg",
      "pose_distance": 0.10654073038072617,
      "psnr_db": 21.975550684181194,
      "rotation_angle_deg": 5.616386971115114,
      "score50": 51.69696235925426,
      "spurious_edge": 0.16574875995896776,
      "ssim": 0.5608297342391907,
      "stratum": "easy",
      "symmetric_edge_distance": 0.002368310567962486
    },
    "frame_000685.jpg": {
      "center_distance": 0.11235395497350209,
      "hf_l1": 0.1822973330269607,
      "lpips": 0.3364039659500122,
      "missing_edge": 0.3741312019059494,
      "nearest_train_image_name": "frame_000675.jpg",
      "pose_distance": 0.12297921786818541,
      "psnr_db": 21.714890196566316,
      "rotation_angle_deg": 7.6501892841719945,
      "score50": 61.66092077578897,
      "spurious_edge": 0.03831733851705846,
      "ssim": 0.7362715098616556,
      "stratum": "medium",
      "symmetric_edge_distance": 0.0017314350227485595
    },
    "frame_000745.jpg": {
      "center_distance": 0.09192179479564559,
      "hf_l1": 0.11444470668232568,
      "lpips": 0.30916452407836914,
      "missing_edge": 0.5383722659455142,
      "nearest_train_image_name": "frame_000755.jpg",
      "pose_distance": 0.10409741617061556,
      "psnr_db": 22.617337629241376,
      "rotation_angle_deg": 8.766447389978376,
      "score50": 64.84446609472361,
      "spurious_edge": 0.033120085978427895,
      "ssim": 0.7880214826771184,
      "stratum": "easy",
      "symmetric_edge_distance": 0.012051584540692474
    },
    "frame_000805.jpg": {
      "center_distance": 0.09644125178863858,
      "hf_l1": 0.10444556851681647,
      "lpips": 0.2200198471546173,
      "missing_edge": 0.35900113022545693,
      "nearest_train_image_name": "frame_000815.jpg",
      "pose_distance": 0.10695679608110699,
      "psnr_db": 23.44414716985382,
      "rotation_angle_deg": 7.571191890577259,