{
  "candidate_id": "B0-reference",
  "config_sha256": "d46c4f58c3a2f573858f1b1e8b038e88a2ee0d9284a4f20afa7ce23db6df9c7e",
  "holdout_sha256": "62348b814d9252f51e1ea4d355530c45d88291fa7a214db0f472a5381e2c7853",
  "image_count": 20,
  "images": {
    "frame_000020.jpg": {
      "lpips": 0.308848112821579,
      "psnr_db": 22.437110068207264,
      "ssim": 0.669712694232982
    },
    "frame_000100.jpg": {
      "lpips": 0.3099942207336426,
      "psnr_db": 22.932326252665256,
      "ssim": 0.6930653647721331
    },
    "frame_000145.jpg": {
      "lpips": 0.4156232178211212,
      "psnr_db": 22.48556172434892,
      "ssim": 0.6837325873240359
    },
    "frame_000180.jpg": {
      "lpips": 0.3955938220024109,
      "psnr_db": 20.200484185262372,
      "ssim": 0.6462786573631126
    },
    "frame_000215.jpg": {
      "lpips": 0.4285847544670105,
      "psnr_db": 17.31818696042651,
      "ssim": 0.5843358449905063
    },
    "frame_000245.jpg": {
      "lpips": 0.5588632822036743,
      "psnr_db": 13.413975537447161,
      "ssim": 0.5233636197191434
    },
    "frame_000290.jpg": {
      "lpips": 0.39481857419013977,
      "psnr_db": 17.975302505073284,
      "ssim": 0.6256168861980829
    },
    "frame_000340.jpg": {
      "lpips": 0.320959210395813,
      "psnr_db": 21.873024746965175,
      "ssim": 0.6984546149821297
    },
    "frame_000390.jpg": {
      "lpips": 0.3138490319252014,
      "psnr_db": 21.767483279306,
      "ssim": 0.6955660328983062
    },
    "frame_000455.jpg": {
      "lpips": 0.36646437644958496,
      "psnr_db": 22.890553296184248,
      "ssim": 0.6331798178427863
    },
    "frame_000500.jpg": {
      "lpips": 0.4578315019607544,
      "psnr_db": 21.975550684181194,
      "ssim": 0.5608297342391907
    },
    "frame_000685.jpg": {
      "lpips": 0.3364039659500122,
      "psnr_db": 21.714890196566316,
      "ssim": 0.7362715098616556
    },
    "frame_000745.jpg": {
      "lpips": 0.30916452407836914,
      "psnr_db": 22.617337629241376,
      "ssim": 0.7880214826771184
    },
    "frame_000805.jpg": {
      "lpips": 0.2200198471546173,
      "psnr_db": 23.44414716985382,
      "ssim": 0.8295519762619661
    },
    "frame_000910.jpg": {
      "lpips": 0.3747146725654602,
      "psnr_db": 19.403169431062576,
      "ssim": 0.7500228279304287
    },
    "frame_000960.jpg": {
      "lpips": 0.23416975140571594,
      "psnr_db": 22.212798375076034,
      "ssim": 0.7387905423456667
    },
    "frame_001010.jpg": {
      "lpips": 0.38107335567474365,
      "psnr_db": 22.225992373636107,
      "ssim": 0.7099375059943082
    },
    "frame_001075.jpg": {
      "lpips": 0.33129382133483887,
      "psnr_db": 20.43104551816102,
      "ssim": 0.7823502788387732
    },
    "frame_001135.jpg": {
      "lpips": 0.27640068531036377,
      "psnr_db": 20.784166069963174,
      "ssim": 0.7451388319900603
    },
    "frame_001190.jpg": {
      "lpips": 0.38410210609436035,
      "psnr_db": 20.932923449847433,
      "ssim": 0.6573128552800596
    }
  },
  "lpips_mean": 0.35593864172697065,
  "max_vram_mb": 2144.259765625,
  "peak_gaussians": 1195841,
  "psnr_db_mean": 20.95180147267376,
  "scene_id": "chair",
  "schema_version": 1,
  "ssim_mean": 0.6875766832871222,
  "step": 7000,
  "total_time_seconds": 449.1303077899993,
  "valid_fraction_mean": 1.0
}
