{
  "alpha_coverage": 1.0,
  "psnr_db": 12.071997881042304,
  "psnr_is_infinite": false,
  "rgb_std": 0.09013742953538895,
  "ssim": 0.3675105571746826,
  "valid_fraction": 0.9900465607643127
}
