{
  "hf_l1_mean": 0.21384124399453483,
  "image_count": 25,
  "images": {
    "DJI_20241229165711_0001_V.JPG": {
      "hf_l1": 0.14238885338765556,
      "missing_edge": 0.2886124846950169,
      "spurious_edge": 0.015355799678025809,
      "symmetric_edge_distance": 0.0009438571100726588
    },
    "DJI_20241229165730_0002_V.JPG": {
      "hf_l1": 0.19519117802900868,
      "missing_edge": 0.20849150047074363,
      "spurious_edge": 0.03217272972562668,
      "symmetric_edge_distance": 0.0003166437658343947
    },
    "DJI_20241229165842_0037_V.JPG": {
      "hf_l1": 0.22101085255493993,
      "missing_edge": 0.2430156316340799,
      "spurious_edge": 0.03530493668532624,
      "symmetric_edge_distance": 0.00046803965416751753
    },
    "DJI_20241229165857_0052_V.JPG": {
      "hf_l1": 0.2026266472117521,
      "missing_edge": 0.27406101914896525,
      "spurious_edge": 0.02971712223163991,
      "symmetric_edge_distance": 0.0005183357922153989
    },
    "DJI_20241229165937_0088_V.JPG": {
      "hf_l1": 0.21259353008763654,
      "missing_edge": 0.3426431220282947,
      "spurious_edge": 0.03191984457237356,
      "symmetric_edge_distance": 0.0007532391368138312
    },
    "DJI_20241229165952_0099_V.JPG": {
      "hf_l1": 0.21773984417434045,
      "missing_edge": 0.24041793487102503,
      "spurious_edge": 0.032328625483698616,
      "symmetric_edge_distance": 0.0005155033613266058
    },
    "DJI_20241229170032_0131_V.JPG": {
      "hf_l1": 0.25456464979742516,
      "missing_edge": 0.39178610545748027,
      "spurious_edge": 0.04012448488634973,
      "symmetric_edge_distance": 0.0008410075621851431
    },
    "DJI_20241229170040_0139_V.JPG": {
      "hf_l1": 0.24389211420724397,
      "missing_edge": 0.4508766051099281,
      "spurious_edge": 0.037769236339575525,
      "symmetric_edge_distance": 0.001087394285558691
    },
    "DJI_20241229170046_0145_V.JPG": {
      "hf_l1": 0.27109883321195244,
      "missing_edge": 0.4397931023015993,
      "spurious_edge": 0.03902118145115332,
      "symmetric_edge_distance": 0.0011875645518570654
    },
    "DJI_20241229170059_0158_V.JPG": {
      "hf_l1": 0.27331307881398226,
      "missing_edge": 0.3419518799624455,
      "spurious_edge": 0.03905051547515058,
      "symmetric_edge_distance": 0.000734873146119632
    },
    "DJI_20241229170207_0195_V.JPG": {
      "hf_l1": 0.24115232503740736,
      "missing_edge": 0.29861081089140357,
      "spurious_edge": 0.04442133380389063,
      "symmetric_edge_distance": 0.0006155971613866452
    },
    "DJI_20241229170210_0198_V.JPG": {
      "hf_l1": 0.2306886842193673,
      "missing_edge": 0.30682708561285443,
      "spurious_edge": 0.04438899435944544,
      "symmetric_edge_distance": 0.000680832981092109
    },
    "DJI_20241229170213_0201_V.JPG": {
      "hf_l1": 0.21974729663515605,
      "missing_edge": 0.2866039115272667,
      "spurious_edge": 0.04368075972469046,
      "symmetric_edge_distance": 0.0006021711571038891
    },
    "DJI_20241229170216_0204_V.JPG": {
      "hf_l1": 0.2362929286223084,
      "missing_edge": 0.32397679786515104,
      "spurious_edge": 0.04705532701659191,
      "symmetric_edge_distance": 0.0007535905345934002
    },
    "DJI_20241229170219_0207_V.JPG": {
      "hf_l1": 0.20282909772856364,
      "missing_edge": 0.298329908884957,
      "spurious_edge": 0.03569057520380113,
      "symmetric_edge_distance": 0.0006552491701485833
    },
    "DJI_20241229170222_0210_V.JPG": {
      "hf_l1": 0.21863288306665837,
      "missing_edge": 0.26472875628668485,
      "spurious_edge": 0.03756537196648527,
      "symmetric_edge_distance": 0.000472775429467037
    },
    "DJI_20241229170225_0213_V.JPG": {
      "hf_l1": 0.22459097164375785,
      "missing_edge": 0.2644778434755793,
      "spurious_edge": 0.037861450716587995,
      "symmetric_edge_distance": 0.0005449647622067133
    },
    "DJI_20241229170229_0217_V.JPG": {
      "hf_l1": 0.2297298385078812,
      "missing_edge": 0.2676822199344871,
      "spurious_edge": 0.03553266681998735,
      "symmetric_edge_distance": 0.0006175428585531978
    },
    "DJI_20241229170233_0221_V.JPG": {
      "hf_l1": 0.2145764010040779,
      "missing_edge": 0.22280049631054194,
      "spurious_edge": 0.033033476959066804,
      "symmetric_edge_distance": 0.000412949993632565
    },
    "DJI_20241229170322_0257_V.JPG": {
      "hf_l1": 0.2515516406677518,
      "missing_edge": 0.37188689850385986,
      "spurious_edge": 0.055039027283647006,
      "symmetric_edge_distance": 0.0009723831366082201
    },
    "DJI_20241229170358_0261_V.JPG": {
      "hf_l1": 0.16982724005493288,
      "missing_edge": 0.187568509661299,
      "spurious_edge": 0.021868887307726584,
      "symmetric_edge_distance": 0.0002658322395581901
    },
    "DJI_20241229170402_0265_V.JPG": {
      "hf_l1": 0.15492975854437027,
      "missing_edge": 0.14144352205514285,
      "spurious_edge": 0.01930143173317969,
      "symmetric_edge_distance": 0.00020900918769327145
    },
    "DJI_20241229170408_0271_V.JPG": {
      "hf_l1": 0.1738013627302119,
      "missing_edge": 0.169308787221315,
      "spurious_edge": 0.020835980159831135,
      "symmetric_edge_distance": 0.00025419309153905617
    },
    "DJI_20241229170516_0316_V.JPG": {
      "hf_l1": 0.17382206461183985,
      "missing_edge": 0.19380959269242248,
      "spurious_edge": 0.02202503770472573,
      "symmetric_edge_distance": 0.0003083277733181693
    },
    "DJI_20241229170525_0325_V.JPG": {
      "hf_l1": 0.16943902531314917,
      "missing_edge": 0.1733016338147686,
      "spurious_edge": 0.02159681404885849,
      "symmetric_edge_distance": 0.000266941505934337
    }
  },
  "missing_edge_mean": 0.2797202464166925,
  "scene_id": "HCM0539",
  "schema_version": 1,
  "spurious_edge_mean": 0.03410646445349742,
  "symmetric_edge_distance_mean": 0.000599952773959453
}
