{
  "candidate_id": "B0-reference",
  "config_sha256": "c983739e04def95792a4af6fa62c01a60a255d2fe7bc870d4a00555a8fd1bf2b",
  "holdout_sha256": "01fa8ef7f3692155d80959e16f1e25c53f6dddd93e34eba97c3082a0d923a303",
  "image_count": 25,
  "images": {
    "DJI_20241229165711_0001_V.JPG": {
      "center_distance": 0.7935620840007392,
      "hf_l1": 0.14238885338765556,
      "lpips": 0.4665963053703308,
      "missing_edge": 0.2886124846950169,
      "nearest_train_image_name": "DJI_20241229165926_0077_V.JPG",
      "pose_distance": 0.8365864424175177,
      "psnr_db": 6.290174051405839,
      "rotation_angle_deg": 30.977538060080448,
      "score50": 37.28573270569104,
      "spurious_edge": 0.015355799678025809,
      "ssim": 0.405849349655359,
      "stratum": "hard",
      "symmetric_edge_distance": 0.0009438571100726588
    },
    "DJI_20241229165730_0002_V.JPG": {
      "center_distance": 0.36553198969984085,
      "hf_l1": 0.19519117802900868,
      "lpips": 0.10967925190925598,
      "missing_edge": 0.20849150047074363,
      "nearest_train_image_name": "DJI_20241229165757_0005_V.JPG",
      "pose_distance": 0.40728542921007926,
      "psnr_db": 25.70796764211085,
      "rotation_angle_deg": 30.062476447371676,
      "score50": 75.88233834941843,
      "spurious_edge": 0.03217272972562668,
      "ssim": 0.8281575946840718,
      "stratum": "medium",
      "symmetric_edge_distance": 0.0003166437658343947
    },
    "DJI_20241229165842_0037_V.JPG": {
      "center_distance": 0.13361378327439843,
      "hf_l1": 0.22101085255493993,
      "lpips": 0.13609379529953003,
      "missing_edge": 0.2430156316340799,
      "nearest_train_image_name": "DJI_20241229165945_0096_V.JPG",
      "pose_distance": 0.13803148219134234,
      "psnr_db": 22.35971096533386,
      "rotation_angle_deg": 3.180743220199621,
      "score50": 71.62763087338715,
      "spurious_edge": 0.03530493668532624,
      "ssim": 0.7885185368722676,
      "stratum": "easy",
      "symmetric_edge_distance": 0.00046803965416751753
    },
    "DJI_20241229165857_0052_V.JPG": {
      "center_distance": 0.13459218514364882,
      "hf_l1": 0.2026266472117521,
      "lpips": 0.1436319351196289,
      "missing_edge": 0.27406101914896525,
      "nearest_train_image_name": "DJI_20241229165929_0080_V.JPG",
      "pose_distance": 0.13555327768239933,
      "psnr_db": 23.56777377315728,
      "rotation_angle_deg": 0.6919866279003517,
      "score50": 72.43106055517539,
      "spurious_edge": 0.02971712223163991,
      "ssim": 0.8011891232022059,
      "stratum": "easy",
      "symmetric_edge_distance": 0.0005183357922153989
    },
    "DJI_20241229165937_0088_V.JPG": {
      "center_distance": 0.15053504569334308,
      "hf_l1": 0.21259353008763654,
      "lpips": 0.17770659923553467,
      "missing_edge": 0.3426431220282947,
      "nearest_train_image_name": "DJI_20241229165906_0061_V.JPG",
      "pose_distance": 0.16557981521493814,
      "psnr_db": 21.747713081655526,
      "rotation_angle_deg": 10.832234055548444,
      "score50": 69.0650645437405,
      "spurious_edge": 0.03191984457237356,
      "ssim": 0.7708233554722859,
      "stratum": "easy",
      "symmetric_edge_distance": 0.0007532391368138312
    },
    "DJI_20241229165952_0099_V.JPG": {
      "center_distance": 0.08408222513690077,
      "hf_l1": 0.21773984417434045,
      "lpips": 0.12739808857440948,
      "missing_edge": 0.24041793487102503,
      "nearest_train_image_name": "DJI_20241229170022_0129_V.JPG",
      "pose_distance": 0.10277606494316367,
      "psnr_db": 24.060923313914113,
      "rotation_angle_deg": 13.459564660509296,
      "score50": 73.81837159648863,
      "spurious_edge": 0.032328625483698616,
      "ssim": 0.8159247050372184,
      "stratum": "easy",
      "symmetric_edge_distance": 0.0005155033613266058
    },
    "DJI_20241229170032_0131_V.JPG": {
      "center_distance": 0.16860723559032798,
      "hf_l1": 0.25456464979742516,
      "lpips": 0.20433880388736725,
      "missing_edge": 0.39178610545748027,
      "nearest_train_image_name": "DJI_20241229170102_0161_V.JPG",
      "pose_distance": 0.2007679182381007,
      "psnr_db": 22.18928773916876,
      "rotation_angle_deg": 23.155691506396366,
      "score50": 66.41825846644315,
      "spurious_edge": 0.04012448488634973,
      "ssim": 0.7092745992812193,
      "stratum": "medium",
      "symmetric_edge_distance": 0.0008410075621851431
    },
    "DJI_20241229170040_0139_V.JPG": {
      "center_distance": 0.2131530081990889,
      "hf_l1": 0.24389211420724397,
      "lpips": 0.2606024742126465,
      "missing_edge": 0.4508766051099281,
      "nearest_train_image_name": "DJI_20241229170043_0142_V.JPG",
      "pose_distance": 0.2546687901918036,
      "psnr_db": 21.373639388300326,
      "rotation_angle_deg": 29.891363034754583,
      "score50": 62.784086269007595,
      "spurious_edge": 0.037769236339575525,
      "ssim": 0.6794667201511086,
      "stratum": "medium",
      "symmetric_edge_distance": 0.001087394285558691
    },
    "DJI_20241229170046_0145_V.JPG": {
      "center_distance": 0.2118110140854552,
      "hf_l1": 0.27109883321195244,
      "lpips": 0.25522202253341675,
      "missing_edge": 0.4397931023015993,
      "nearest_train_image_name": "DJI_20241229170043_0142_V.JPG",
      "pose_distance": 0.25642316358873907,
      "psnr_db": 21.09226932258741,
      "rotation_angle_deg": 32.12074764236439,
      "score50": 62.394869221142,
      "spurious_edge": 0.03902118145115332,
      "ssim": 0.6649462842975411,
      "stratum": "medium",
      "symmetric_edge_distance": 0.0011875645518570654
    },
    "DJI_20241229170059_0158_V.JPG": {
      "center_distance": 0.1291028385776736,
      "hf_l1": 0.27331307881398226,
      "lpips": 0.2107968032360077,
      "missing_edge": 0.3419518799624455,
      "nearest_train_image_name": "DJI_20241229170057_0156_V.JPG",
      "pose_distance": 0.15450177201074222,
      "psnr_db": 22.226809201151898,
      "rotation_angle_deg": 18.287232071809402,
      "score50": 66.7464629408051,
      "spurious_edge": 0.03905051547515058,
      "ssim": 0.7280749849851424,
      "stratum": "easy",
      "symmetric_edge_distance": 0.000734873146119632
    },
    "DJI_20241229170207_0195_V.JPG": {
      "center_distance": 0.5335261993839422,
      "hf_l1": 0.24115232503740736,
      "lpips": 0.18355248868465424,
      "missing_edge": 0.29861081089140357,
      "nearest_train_image_name": "DJI_20241229170235_0223_V.JPG",
      "pose_distance": 0.5717314249941539,
      "psnr_db": 19.74763859211951,
      "rotation_angle_deg": 27.50776243935237,
      "score50": 66.11255483056665,
      "spurious_edge": 0.04442133380389063,
      "ssim": 0.7202023740893706,
      "stratum": "hard",
      "symmetric_edge_distance": 0.0006155971613866452
    },
    "DJI_20241229170210_0198_V.JPG": {
      "center_distance": 0.5101308694483567,
      "hf_l1": 0.2306886842193673,
      "lpips": 0.20629101991653442,
      "missing_edge": 0.30682708561285443,
      "nearest_train_image_name": "DJI_20241229170409_0272_V.JPG",
      "pose_distance": 0.5331431927684005,
      "psnr_db": 19.486264819681402,
      "rotation_angle_deg": 16.568872790431584,
      "score50": 64.29381290395368,
      "spurious_edge": 0.04438899435944544,
      "ssim": 0.6951231602935404,
      "stratum": "hard",
      "symmetric_edge_distance": 0.000680832981092109
    },
    "DJI_20241229170213_0201_V.JPG": {
      "center_distance": 0.5203898514493462,
      "hf_l1": 0.21974729663515605,
      "lpips": 0.18461154401302338,
      "missing_edge": 0.2866039115272667,
      "nearest_train_image_name": "DJI_20241229170357_0260_V.JPG",
      "pose_distance": 0.5430019841714382,
      "psnr_db": 20.09343194922645,
      "rotation_angle_deg": 16.280735559906166,
      "score50": 65.88359026372734,
      "spurious_edge": 0.04368075972469046,
      "ssim": 0.7070664284904136,
      "stratum": "hard",
      "symmetric_edge_distance": 0.0006021711571038891
    },