{
  "candidate_id": "B0-reference",
  "config_sha256": "c983739e04def95792a4af6fa62c01a60a255d2fe7bc870d4a00555a8fd1bf2b",
  "holdout_sha256": "01fa8ef7f3692155d80959e16f1e25c53f6dddd93e34eba97c3082a0d923a303",
  "image_count": 25,
  "images": {
    "DJI_20241229165711_0001_V.JPG": {
      "lpips": 0.4665963053703308,
      "psnr_db": 6.290174051405839,
      "ssim": 0.405849349655359
    },
    "DJI_20241229165730_0002_V.JPG": {
      "lpips": 0.10967925190925598,
      "psnr_db": 25.70796764211085,
      "ssim": 0.8281575946840718
    },
    "DJI_20241229165842_0037_V.JPG": {
      "lpips": 0.13609379529953003,
      "psnr_db": 22.35971096533386,
      "ssim": 0.7885185368722676
    },
    "DJI_20241229165857_0052_V.JPG": {
      "lpips": 0.1436319351196289,
      "psnr_db": 23.56777377315728,
      "ssim": 0.8011891232022059
    },
    "DJI_20241229165937_0088_V.JPG": {
      "lpips": 0.17770659923553467,
      "psnr_db": 21.747713081655526,
      "ssim": 0.7708233554722859
    },
    "DJI_20241229165952_0099_V.JPG": {
      "lpips": 0.12739808857440948,
      "psnr_db": 24.060923313914113,
      "ssim": 0.8159247050372184
    },
    "DJI_20241229170032_0131_V.JPG": {
      "lpips": 0.20433880388736725,
      "psnr_db": 22.18928773916876,
      "ssim": 0.7092745992812193
    },
    "DJI_20241229170040_0139_V.JPG": {
      "lpips": 0.2606024742126465,
      "psnr_db": 21.373639388300326,
      "ssim": 0.6794667201511086
    },
    "DJI_20241229170046_0145_V.JPG": {
      "lpips": 0.25522202253341675,
      "psnr_db": 21.09226932258741,
      "ssim": 0.6649462842975411
    },
    "DJI_20241229170059_0158_V.JPG": {
      "lpips": 0.2107968032360077,
      "psnr_db": 22.226809201151898,
      "ssim": 0.7280749849851424
    },
    "DJI_20241229170207_0195_V.JPG": {
      "lpips": 0.18355248868465424,
      "psnr_db": 19.74763859211951,
      "ssim": 0.7202023740893706
    },
    "DJI_20241229170210_0198_V.JPG": {
      "lpips": 0.20629101991653442,
      "psnr_db": 19.486264819681402,
      "ssim": 0.6951231602935404
    },
    "DJI_20241229170213_0201_V.JPG": {
      "lpips": 0.18461154401302338,
      "psnr_db": 20.09343194922645,
      "ssim": 0.7070664284904136
    },
    "DJI_20241229170216_0204_V.JPG": {
      "lpips": 0.19837182760238647,
      "psnr_db": 18.98147410127227,
      "ssim": 0.6964996837666035
    },
    "DJI_20241229170219_0207_V.JPG": {
      "lpips": 0.16403940320014954,
      "psnr_db": 21.026392350750474,
      "ssim": 0.7480458339696316
    },
    "DJI_20241229170222_0210_V.JPG": {
      "lpips": 0.14161339402198792,
      "psnr_db": 21.709657014892763,
      "ssim": 0.7758182175160654
    },
    "DJI_20241229170225_0213_V.JPG": {
      "lpips": 0.1484871357679367,
      "psnr_db": 21.791958394334575,
      "ssim": 0.767418278677164
    },
    "DJI_20241229170229_0217_V.JPG": {
      "lpips": 0.15908747911453247,
      "psnr_db": 21.497735100537216,
      "ssim": 0.7572715981485676
    },
    "DJI_20241229170233_0221_V.JPG": {
      "lpips": 0.13686169683933258,
      "psnr_db": 22.79975540824507,
      "ssim": 0.7900017976265223
    },
    "DJI_20241229170322_0257_V.JPG": {
      "lpips": 0.24187904596328735,
      "psnr_db": 17.962575901086367,
      "ssim": 0.6342257018570986
    },
    "DJI_20241229170358_0261_V.JPG": {
      "lpips": 0.0891600102186203,
      "psnr_db": 25.620001519423635,
      "ssim": 0.8728648052789516
    },
    "DJI_20241229170402_0265_V.JPG": {
      "lpips": 0.08765270560979843,
      "psnr_db": 27.655184962927912,
      "ssim": 0.8783315722990112
    },
    "DJI_20241229170408_0271_V.JPG": {
      "lpips": 0.09387116134166718,
      "psnr_db": 26.612859742845476,
      "ssim": 0.8745499310408816
    },
    "DJI_20241229170516_0316_V.JPG": {
      "lpips": 0.08429920673370361,
      "psnr_db": 26.089035432591572,
      "ssim": 0.8737730261592638
    },
    "DJI_20241229170525_0325_V.JPG": {
      "lpips": 0.09615327417850494,
      "psnr_db": 26.697510700154325,
      "ssim": 0.8733552460688632
    }
  },
  "lpips_mean": 0.1723198989033699,
  "max_vram_mb": 6230.900390625,
  "peak_gaussians": 3613276,
  "psnr_db_mean": 21.935509778754994,
  "scene_id": "HCM0539",
  "schema_version": 1,
  "ssim_mean": 0.7542709163568148,
  "step": 7000,
  "total_time_seconds": 967.7793523920001,
  "valid_fraction_mean": 0.9897953243251523
}
