{
  "total_steps": 7000,
  "total_time_seconds": 967.7793523920001,
  "final_loss": 0.04111359640955925,
  "final_num_gaussians": 3469365,
  "max_vram_mb": 6230.900390625
}