{
  "alpha_coverage": 1.0,
  "psnr_db": 11.915582539210124,
  "psnr_is_infinite": false,
  "rgb_std": 0.1014753133058548,
  "ssim": 0.29388153553009033,
  "valid_fraction": 0.9887581467628479
}
