{
  "final": {
    "alpha_coverage": 0.9998675244266364,
    "psnr_db": 6.333030686184959,
    "psnr_is_infinite": false,
    "rgb_std": 0.05195917189121246,
    "ssim": 0.09653091430664062,
    "valid_fraction": 0.9887581467628479
  },
  "final_render_non_blank": true,
  "initial": {
    "alpha_coverage": 1.0,
    "psnr_db": 11.468502978996927,
    "psnr_is_infinite": false,
    "rgb_std": 0.10674646496772766,
    "ssim": 0.3391401171684265,
    "valid_fraction": 0.9887581467628479
  },
  "psnr_delta_db": -5.1354722928119685,
  "quality_improved": false,
  "ssim_delta": -0.2426092028617859,
  "train_camera_index": 0
}
