{
  "final": {
    "alpha_coverage": 1.0,
    "psnr_db": 18.08309986754502,
    "psnr_is_infinite": false,
    "rgb_std": 0.23809866607189178,
    "ssim": 0.5477648973464966,
    "valid_fraction": 0.9887581467628479
  },
  "final_render_non_blank": true,
  "initial": {
    "alpha_coverage": 1.0,
    "psnr_db": 11.915582539210124,
    "psnr_is_infinite": false,
    "rgb_std": 0.1014753133058548,
    "ssim": 0.29388153553009033,
    "valid_fraction": 0.9887581467628479
  },
  "psnr_delta_db": 6.167517328334895,
  "quality_improved": true,
  "ssim_delta": 0.25388336181640625,
  "train_camera_index": 0
}
