{
  "final": {
    "alpha_coverage": 1.0,
    "psnr_db": 24.910633236538835,
    "psnr_is_infinite": false,
    "rgb_std": 0.20821037888526917,
    "ssim": 0.820622980594635,
    "valid_fraction": 1.0
  },
  "final_render_non_blank": true,
  "initial": {
    "alpha_coverage": 1.0,
    "psnr_db": 14.61184324855516,
    "psnr_is_infinite": false,
    "rgb_std": 0.08779776841402054,
    "ssim": 0.3299814462661743,
    "valid_fraction": 1.0
  },
  "psnr_delta_db": 10.298789987983675,
  "quality_improved": true,
  "ssim_delta": 0.4906415343284607,
  "train_camera_index": 0
}
