{
  "final": {
    "alpha_coverage": 1.0,
    "psnr_db": 27.83714599436687,
    "psnr_is_infinite": false,
    "rgb_std": 0.1789637953042984,
    "ssim": 0.8777443170547485,
    "valid_fraction": 1.0
  },
  "final_render_non_blank": true,
  "initial": {
    "alpha_coverage": 1.0,
    "psnr_db": 14.28364109107717,
    "psnr_is_infinite": false,
    "rgb_std": 0.0663243979215622,
    "ssim": 0.41124391555786133,
    "valid_fraction": 1.0
  },
  "psnr_delta_db": 13.553504903289701,
  "quality_improved": true,
  "ssim_delta": 0.4665004014968872,
  "train_camera_index": 0
}
