{
  "candidate_id": "B0-reference",
  "config_sha256": "e89498c80655738a0981937e22d92be9eb55af6aa6005912024826c1e0ca6212",
  "holdout_sha256": "1273fbda4a15adf0ad4481107a398e170249fc5823308de52c4b3e0e0d03d20b",
  "image_count": 25,
  "images": {
    "DJI_20241227152907_0001_V.JPG": {
      "lpips": 0.702115535736084,
      "psnr_db": 8.456745675555414,
      "ssim": 0.39938247142587796
    },
    "DJI_20241227152924_0002_V.JPG": {
      "lpips": 0.5347198247909546,
      "psnr_db": 6.864769830412825,
      "ssim": 0.45674698500187494
    },
    "DJI_20241227152959_0004_V.JPG": {
      "lpips": 0.16680023074150085,
      "psnr_db": 24.804638648380653,
      "ssim": 0.7617099788171232
    },
    "DJI_20241227154431_0063_V.JPG": {
      "lpips": 0.13445180654525757,
      "psnr_db": 25.940482669669937,
      "ssim": 0.8442825677234308
    },
    "DJI_20241227154439_0071_V.JPG": {
      "lpips": 0.12796054780483246,
      "psnr_db": 25.252046178026113,
      "ssim": 0.8260101969121636
    },
    "DJI_20241227154455_0081_V.JPG": {
      "lpips": 0.15805122256278992,
      "psnr_db": 24.06901454407603,
      "ssim": 0.7874217921789706
    },
    "DJI_20241227154622_0133_V.JPG": {
      "lpips": 0.10327550768852234,
      "psnr_db": 27.008076190618397,
      "ssim": 0.8464547629605351
    },
    "DJI_20241227154727_0170_V.JPG": {
      "lpips": 0.17679716646671295,
      "psnr_db": 21.469300044230813,
      "ssim": 0.7286448725519536
    },
    "DJI_20241227154736_0179_V.JPG": {
      "lpips": 0.14934459328651428,
      "psnr_db": 22.64609304109402,
      "ssim": 0.7856472192388063
    },
    "DJI_20241227154740_0183_V.JPG": {
      "lpips": 0.14026722311973572,
      "psnr_db": 24.47192968897573,
      "ssim": 0.8249551858972869
    },
    "DJI_20241227154744_0187_V.JPG": {
      "lpips": 0.1687161922454834,
      "psnr_db": 23.400188390813874,
      "ssim": 0.7854392348583721
    },
    "DJI_20241227154749_0192_V.JPG": {
      "lpips": 0.16690035164356232,
      "psnr_db": 22.384939298518347,
      "ssim": 0.7610796147124469
    },
    "DJI_20241227154808_0202_V.JPG": {
      "lpips": 0.1702059954404831,
      "psnr_db": 22.998742708622792,
      "ssim": 0.7846913879892867
    },
    "DJI_20241227154812_0206_V.JPG": {
      "lpips": 0.18507510423660278,
      "psnr_db": 22.66012888692522,
      "ssim": 0.7665152834310416
    },
    "DJI_20241227154816_0210_V.JPG": {
      "lpips": 0.21581095457077026,
      "psnr_db": 21.87920865481164,
      "ssim": 0.7308550139820512
    },
    "DJI_20241227154818_0212_V.JPG": {
      "lpips": 0.1918344497680664,
      "psnr_db": 22.95519773522068,
      "ssim": 0.7555054073027199
    },
    "DJI_20241227154821_0215_V.JPG": {
      "lpips": 0.23436613380908966,
      "psnr_db": 20.717892876027662,
      "ssim": 0.7003707432286034
    },
    "DJI_20241227154823_0217_V.JPG": {
      "lpips": 0.26311197876930237,
      "psnr_db": 19.669937746629408,
      "ssim": 0.6753135774616648
    },
    "DJI_20241227154825_0219_V.JPG": {
      "lpips": 0.23480194807052612,
      "psnr_db": 18.93357535872238,
      "ssim": 0.65028434487265
    },
    "DJI_20241227154829_0223_V.JPG": {
      "lpips": 0.19835063815116882,
      "psnr_db": 20.825697189998774,
      "ssim": 0.7259974000692452
    },
    "DJI_20241227154831_0225_V.JPG": {
      "lpips": 0.16389399766921997,
      "psnr_db": 22.34050351504539,
      "ssim": 0.7796159320257562
    },
    "DJI_20241227154834_0228_V.JPG": {
      "lpips": 0.1822555810213089,
      "psnr_db": 21.299604108601812,
      "ssim": 0.7451297058580576
    },
    "DJI_20241227155104_0321_V.JPG": {
      "lpips": 0.05957886204123497,
      "psnr_db": 30.13180043848753,
      "ssim": 0.9249356793552848
    },
    "DJI_20241227155153_0350_V.JPG": {
      "lpips": 0.09029336273670197,
      "psnr_db": 26.45069926668522,
      "ssim": 0.868250189256408
    },
    "DJI_20241227155203_0360_V.JPG": {
      "lpips": 0.06825125962495804,
      "psnr_db": 28.30340186710028,
      "ssim": 0.9152416309814047
    }
  },
  "lpips_mean": 0.19948921874165534,
  "max_vram_mb": 5185.26318359375,
  "peak_gaussians": 2984768,
  "psnr_db_mean": 22.237384582130034,
  "scene_id": "HNI0131",
  "schema_version": 1,
  "ssim_mean": 0.7532192471237207,
  "step": 7000,
  "total_time_seconds": 867.2699431130004,
  "valid_fraction_mean": 1.0
}
