{
  "total_steps": 7000,
  "total_time_seconds": 867.2699431130004,
  "final_loss": 0.031562864780426025,
  "final_num_gaussians": 2864368,
  "max_vram_mb": 5185.26318359375
}