{
  "final": {
    "alpha_coverage": 1.0,
    "psnr_db": 27.32039864494753,
    "psnr_is_infinite": false,
    "rgb_std": 0.17850716412067413,
    "ssim": 0.8568283915519714,
    "valid_fraction": 1.0
  },
  "final_render_non_blank": true,
  "initial": {
    "alpha_coverage": 1.0,
    "psnr_db": 14.28364109107717,
    "psnr_is_infinite": false,
    "rgb_std": 0.0663243979215622,
    "ssim": 0.41124391555786133,
    "valid_fraction": 1.0
  },
  "psnr_delta_db": 13.03675755387036,
  "quality_improved": true,
  "ssim_delta": 0.4455844759941101,
  "train_camera_index": 0
}
