{
  "candidate_id": "B0-compact",
  "config_sha256": "1951af1a3e3c6db4a4fe00b4c2a7405e285d380ac737958607f3424bc0d944aa",
  "holdout_sha256": "1273fbda4a15adf0ad4481107a398e170249fc5823308de52c4b3e0e0d03d20b",
  "image_count": 25,
  "images": {
    "DJI_20241227152907_0001_V.JPG": {
      "lpips": 0.716272234916687,
      "psnr_db": 8.8260750313391,
      "ssim": 0.419746817170413
    },
    "DJI_20241227152924_0002_V.JPG": {
      "lpips": 0.5429637432098389,
      "psnr_db": 7.085255865552178,
      "ssim": 0.4727391485612743
    },
    "DJI_20241227152959_0004_V.JPG": {
      "lpips": 0.18561750650405884,
      "psnr_db": 24.81163742011201,
      "ssim": 0.7596068571211368
    },
    "DJI_20241227154431_0063_V.JPG": {
      "lpips": 0.16262544691562653,
      "psnr_db": 25.64827946638141,
      "ssim": 0.8266736942587403
    },
    "DJI_20241227154439_0071_V.JPG": {
      "lpips": 0.1503891497850418,
      "psnr_db": 24.892589389669126,
      "ssim": 0.8114092508857784
    },
    "DJI_20241227154455_0081_V.JPG": {
      "lpips": 0.1814402937889099,
      "psnr_db": 23.897886822237687,
      "ssim": 0.7733875746502763
    },
    "DJI_20241227154622_0133_V.JPG": {
      "lpips": 0.12386785447597504,
      "psnr_db": 26.828156383917676,
      "ssim": 0.8324879643971381
    },
    "DJI_20241227154727_0170_V.JPG": {
      "lpips": 0.18839740753173828,
      "psnr_db": 21.212829369609217,
      "ssim": 0.726432948512233
    },
    "DJI_20241227154736_0179_V.JPG": {
      "lpips": 0.16665491461753845,
      "psnr_db": 22.33596536941902,
      "ssim": 0.7804997621145348
    },
    "DJI_20241227154740_0183_V.JPG": {
      "lpips": 0.15668489038944244,
      "psnr_db": 24.21716858147585,
      "ssim": 0.8157686171799329
    },
    "DJI_20241227154744_0187_V.JPG": {
      "lpips": 0.1877499669790268,
      "psnr_db": 22.831466955761506,
      "ssim": 0.7777891758784737
    },
    "DJI_20241227154749_0192_V.JPG": {
      "lpips": 0.1814560741186142,
      "psnr_db": 22.31030981056891,
      "ssim": 0.7572598378124907
    },
    "DJI_20241227154808_0202_V.JPG": {
      "lpips": 0.18884843587875366,
      "psnr_db": 22.508794516668047,
      "ssim": 0.7743671961356227
    },
    "DJI_20241227154812_0206_V.JPG": {
      "lpips": 0.20261915028095245,
      "psnr_db": 22.404702949291114,
      "ssim": 0.7567249711501666
    },
    "DJI_20241227154816_0210_V.JPG": {
      "lpips": 0.23308506608009338,
      "psnr_db": 21.589534185379613,
      "ssim": 0.7252437280020703
    },
    "DJI_20241227154818_0212_V.JPG": {
      "lpips": 0.20742839574813843,
      "psnr_db": 22.823643458065725,
      "ssim": 0.7489698499041444
    },
    "DJI_20241227154821_0215_V.JPG": {
      "lpips": 0.24242189526557922,
      "psnr_db": 20.666583741968378,
      "ssim": 0.7018244461884457
    },
    "DJI_20241227154823_0217_V.JPG": {
      "lpips": 0.26691266894340515,
      "psnr_db": 19.854820873841437,
      "ssim": 0.6813501312436459
    },
    "DJI_20241227154825_0219_V.JPG": {
      "lpips": 0.24212829768657684,
      "psnr_db": 18.931086877415932,
      "ssim": 0.655671352217476
    },
    "DJI_20241227154829_0223_V.JPG": {
      "lpips": 0.21733488142490387,
      "psnr_db": 20.95105187020856,
      "ssim": 0.7221065653431447
    },
    "DJI_20241227154831_0225_V.JPG": {
      "lpips": 0.18627992272377014,
      "psnr_db": 22.328121725692014,
      "ssim": 0.771722742463017
    },
    "DJI_20241227154834_0228_V.JPG": {
      "lpips": 0.20456740260124207,
      "psnr_db": 21.041579721929004,
      "ssim": 0.7373956670142731
    },
    "DJI_20241227155104_0321_V.JPG": {
      "lpips": 0.07158298045396805,
      "psnr_db": 30.01128396961047,
      "ssim": 0.9145307717554388
    },
    "DJI_20241227155153_0350_V.JPG": {
      "lpips": 0.10792434215545654,
      "psnr_db": 26.381701303674646,
      "ssim": 0.8554986567513422
    },
    "DJI_20241227155203_0360_V.JPG": {
      "lpips": 0.08059617131948471,
      "psnr_db": 28.458119712689943,
      "ssim": 0.906250854708363
    }
  },
  "lpips_mean": 0.2158339637517929,
  "max_vram_mb": 3027.6904296875,
  "peak_gaussians": 1720075,
  "psnr_db_mean": 22.11394581489914,
  "scene_id": "HNI0131",
  "schema_version": 1,
  "ssim_mean": 0.7482183432567828,
  "step": 7000,
  "total_time_seconds": 594.8699494350003,
  "valid_fraction_mean": 1.0
}
