{
  "total_steps": 7000,
  "total_time_seconds": 594.8699494350003,
  "final_loss": 0.03432139754295349,
  "final_num_gaussians": 1663594,
  "max_vram_mb": 3027.6904296875
}