{
  "candidate_id": "B0-reference",
  "config_sha256": "95f2b6a591c938c4d156c0968b078eb03e711e80c6be1c61b82ccdc101da5107",
  "holdout_sha256": "0d39a9f2ec144f06640470cc3fca10cf355b37c9c04c619ec756991d2d36aec5",
  "image_count": 25,
  "images": {
    "DJI_20241229103156_0001_V.JPG": {
      "lpips": 0.18104809522628784,
      "psnr_db": 20.50841899155528,
      "ssim": 0.7246658706926825
    },
    "DJI_20241229103333_0019_V.JPG": {
      "lpips": 0.1438470482826233,
      "psnr_db": 23.112844300641026,
      "ssim": 0.7881613774234535
    },
    "DJI_20241229103347_0033_V.JPG": {
      "lpips": 0.11409352719783783,
      "psnr_db": 22.68898709455844,
      "ssim": 0.8367157187350082
    },
    "DJI_20241229103413_0055_V.JPG": {
      "lpips": 0.13814885914325714,
      "psnr_db": 21.833515968295853,
      "ssim": 0.7902770103070262
    },
    "DJI_20241229103441_0073_V.JPG": {
      "lpips": 0.19351144134998322,
      "psnr_db": 21.972383489116538,
      "ssim": 0.7820102153305253
    },
    "DJI_20241229103452_0084_V.JPG": {
      "lpips": 0.17266693711280823,
      "psnr_db": 21.109231336975796,
      "ssim": 0.7131822931826878
    },
    "DJI_20241229103457_0089_V.JPG": {
      "lpips": 0.20531661808490753,
      "psnr_db": 21.004471400019664,
      "ssim": 0.7171208831333519
    },
    "DJI_20241229103502_0094_V.JPG": {
      "lpips": 0.19848176836967468,
      "psnr_db": 22.265935456460824,
      "ssim": 0.742530310761254
    },
    "DJI_20241229103507_0099_V.JPG": {
      "lpips": 0.2073884904384613,
      "psnr_db": 20.0515223292552,
      "ssim": 0.6959622025164179
    },
    "DJI_20241229103807_0187_V.JPG": {
      "lpips": 0.2175617665052414,
      "psnr_db": 18.660249719104716,
      "ssim": 0.6796024157254449
    },
    "DJI_20241229103814_0194_V.JPG": {
      "lpips": 0.20563018321990967,
      "psnr_db": 18.644223883994467,
      "ssim": 0.7074395412264604
    },
    "DJI_20241229103817_0197_V.JPG": {
      "lpips": 0.20481657981872559,
      "psnr_db": 19.151022091659296,
      "ssim": 0.6973691569791173
    },
    "DJI_20241229103819_0199_V.JPG": {
      "lpips": 0.17131181061267853,
      "psnr_db": 20.737039239397745,
      "ssim": 0.7581748674115778
    },
    "DJI_20241229103823_0203_V.JPG": {
      "lpips": 0.12360131740570068,
      "psnr_db": 22.681129447989363,
      "ssim": 0.817665371852506
    },
    "DJI_20241229103826_0206_V.JPG": {
      "lpips": 0.13062970340251923,
      "psnr_db": 22.177222934570647,
      "ssim": 0.7960494405215025
    },
    "DJI_20241229103829_0209_V.JPG": {
      "lpips": 0.17250409722328186,
      "psnr_db": 21.05249761469657,
      "ssim": 0.7490767920002841
    },
    "DJI_20241229103851_0211_V.JPG": {
      "lpips": 0.11224924772977829,
      "psnr_db": 24.150497773901094,
      "ssim": 0.8462230790428974
    },
    "DJI_20241229103903_0223_V.JPG": {
      "lpips": 0.16856682300567627,
      "psnr_db": 19.778460332487338,
      "ssim": 0.7298115279766727
    },
    "DJI_20241229103906_0226_V.JPG": {
      "lpips": 0.18384653329849243,
      "psnr_db": 19.547397582858338,
      "ssim": 0.7210653293506608
    },
    "DJI_20241229103911_0231_V.JPG": {
      "lpips": 0.14476805925369263,
      "psnr_db": 22.22200111431554,
      "ssim": 0.795349837959466
    },
    "DJI_20241229103916_0236_V.JPG": {
      "lpips": 0.17171359062194824,
      "psnr_db": 19.865204991979162,
      "ssim": 0.7403498448901192
    },
    "DJI_20241229104005_0248_V.JPG": {
      "lpips": 0.10750457644462585,
      "psnr_db": 25.110621585313353,
      "ssim": 0.8318545919743532
    },
    "DJI_20241229104012_0255_V.JPG": {
      "lpips": 0.11098349839448929,
      "psnr_db": 24.84544083083078,
      "ssim": 0.8395588873137013
    },
    "DJI_20241229104056_0285_V.JPG": {
      "lpips": 0.12141852080821991,
      "psnr_db": 24.92521174210983,
      "ssim": 0.8460447500970175
    },
    "DJI_20241229104114_0297_V.JPG": {
      "lpips": 0.10591527819633484,
      "psnr_db": 25.219194383613445,
      "ssim": 0.8635682473103683
    }
  },
  "lpips_mean": 0.16030097484588623,
  "max_vram_mb": 7197.24169921875,
  "peak_gaussians": 4148353,
  "psnr_db_mean": 21.73258902542801,
  "scene_id": "HCM0181",
  "schema_version": 1,
  "ssim_mean": 0.7683931825485822,
  "step": 7000,
  "total_time_seconds": 1089.584900238,
  "valid_fraction_mean": 0.9887581579189263
}
