{
  "total_steps": 7000,
  "total_time_seconds": 1089.584900238,
  "final_loss": 0.05671913921833038,
  "final_num_gaussians": 3990413,
  "max_vram_mb": 7197.24169921875
}