{
  "candidate_id": "C1-absgrad-t08-revopacity-v1",
  "hf_l1_mean": 0.22703579178401515,
  "image_count": 25,
  "images": {
    "DJI_20241229103156_0001_V.JPG": {
      "hf_l1": 0.2705501984335113,
      "missing_edge": 0.3321275339700232,
      "spurious_edge": 0.0379527572636895
    },
    "DJI_20241229103333_0019_V.JPG": {
      "hf_l1": 0.2329819145358299,
      "missing_edge": 0.21165462069326663,
      "spurious_edge": 0.030152599146814344
    },
    "DJI_20241229103347_0033_V.JPG": {
      "hf_l1": 0.2104333329488305,
      "missing_edge": 0.16264547039623964,
      "spurious_edge": 0.025023978948445366
    },
    "DJI_20241229103413_0055_V.JPG": {
      "hf_l1": 0.23875225535555394,
      "missing_edge": 0.2473017549545094,
      "spurious_edge": 0.031519092101926
    },
    "DJI_20241229103441_0073_V.JPG": {
      "hf_l1": 0.23282237637181907,
      "missing_edge": 0.27281399582110183,
      "spurious_edge": 0.02676801982086295
    },
    "DJI_20241229103452_0084_V.JPG": {
      "hf_l1": 0.26366043951079227,
      "missing_edge": 0.2909798778533197,
      "spurious_edge": 0.0354460607121068
    },
    "DJI_20241229103457_0089_V.JPG": {
      "hf_l1": 0.2613071466704156,
      "missing_edge": 0.3325980498997319,
      "spurious_edge": 0.03826496582012075
    },
    "DJI_20241229103502_0094_V.JPG": {
      "hf_l1": 0.2264141825559465,
      "missing_edge": 0.2984280721354131,
      "spurious_edge": 0.03667427854550137
    },
    "DJI_20241229103507_0099_V.JPG": {
      "hf_l1": 0.2653733838834429,
      "missing_edge": 0.41129525546994994,
      "spurious_edge": 0.035374672578919436
    },
    "DJI_20241229103807_0187_V.JPG": {
      "hf_l1": 0.27452357215166,
      "missing_edge": 0.3083586831137682,
      "spurious_edge": 0.05485303735697601
    },
    "DJI_20241229103814_0194_V.JPG": {
      "hf_l1": 0.2665583154449391,
      "missing_edge": 0.27265592150786083,
      "spurious_edge": 0.041266337945306736
    },
    "DJI_20241229103817_0197_V.JPG": {
      "hf_l1": 0.2374334994986443,
      "missing_edge": 0.2671089939216778,
      "spurious_edge": 0.03791489394057163
    },
    "DJI_20241229103819_0199_V.JPG": {
      "hf_l1": 0.2193310021526152,
      "missing_edge": 0.2057268139044612,
      "spurious_edge": 0.027075417396462804
    },
    "DJI_20241229103823_0203_V.JPG": {
      "hf_l1": 0.17897006463853435,
      "missing_edge": 0.1736202901083115,
      "spurious_edge": 0.020916950145743025
    },
    "DJI_20241229103826_0206_V.JPG": {
      "hf_l1": 0.19415154162213338,
      "missing_edge": 0.19586936072433406,
      "spurious_edge": 0.026570539279150006
    },
    "DJI_20241229103829_0209_V.JPG": {
      "hf_l1": 0.22071017473852306,
      "missing_edge": 0.21520153921017796,
      "spurious_edge": 0.032293572406811306
    },
    "DJI_20241229103851_0211_V.JPG": {
      "hf_l1": 0.18129975378600138,
      "missing_edge": 0.14531243271417027,
      "spurious_edge": 0.016830613424262116
    },
    "DJI_20241229103903_0223_V.JPG": {
      "hf_l1": 0.2456281537194343,
      "missing_edge": 0.26401895384651625,
      "spurious_edge": 0.04290773404356827
    },
    "DJI_20241229103906_0226_V.JPG": {
      "hf_l1": 0.26775369219465206,
      "missing_edge": 0.2845197483650503,
      "spurious_edge": 0.04647691070045237
    },
    "DJI_20241229103911_0231_V.JPG": {
      "hf_l1": 0.20498651184418987,
      "missing_edge": 0.16647866804322825,
      "spurious_edge": 0.027457598741815754
    },
    "DJI_20241229103916_0236_V.JPG": {
      "hf_l1": 0.23506361519194807,
      "missing_edge": 0.23845968326637915,
      "spurious_edge": 0.03764472029325042
    },
    "DJI_20241229104005_0248_V.JPG": {
      "hf_l1": 0.1884968239103099,
      "missing_edge": 0.18519837051941895,
      "spurious_edge": 0.023610628022776452
    },
    "DJI_20241229104012_0255_V.JPG": {
      "hf_l1": 0.18640807796035652,
      "missing_edge": 0.1518754750671516,
      "spurious_edge": 0.020608372480922153
    },
    "DJI_20241229104056_0285_V.JPG": {
      "hf_l1": 0.1879951972950224,
      "missing_edge": 0.1940977387015436,
      "spurious_edge": 0.019770111916715998
    },
    "DJI_20241229104114_0297_V.JPG": {
      "hf_l1": 0.18428956818527278,
      "missing_edge": 0.1869239351935859,
      "spurious_edge": 0.01942394407158634
    }
  },
  "missing_edge_mean": 0.24061084957604761,
  "scene_id": "HCM0181",
  "schema_version": 1,
  "spurious_edge_mean": 0.03171191228419032
}
