{
  "alpha_coverage": 1.0,
  "psnr_db": 11.95572558534078,
  "psnr_is_infinite": false,
  "rgb_std": 0.094455786049366,
  "ssim": 0.312288761138916,
  "valid_fraction": 0.9889649748802185
}
