{
  "final": {
    "alpha_coverage": 1.0,
    "psnr_db": 23.28186746254771,
    "psnr_is_infinite": false,
    "rgb_std": 0.23566623032093048,
    "ssim": 0.8337895274162292,
    "valid_fraction": 0.9900465607643127
  },
  "final_render_non_blank": true,
  "initial": {
    "alpha_coverage": 1.0,
    "psnr_db": 12.071997881042304,
    "psnr_is_infinite": false,
    "rgb_std": 0.09013742953538895,
    "ssim": 0.3675105571746826,
    "valid_fraction": 0.9900465607643127
  },
  "psnr_delta_db": 11.209869581505405,
  "quality_improved": true,
  "ssim_delta": 0.46627897024154663,
  "train_camera_index": 0
}
