{
  "candidate_id": "B0-reference",
  "config_sha256": "4198ca4670994f21d869ba21f093e8d5c180613779fa10a2e302caff96afb6de",
  "holdout_sha256": "5c07a9e7cdd5639ccc7c1976176b1e8fddf1f6c5ebeb83dab90aec30f69f0874",
  "image_count": 20,
  "images": {
    "DJI_20241227155159_0002_V.JPG": {
      "lpips": 0.4435746669769287,
      "psnr_db": 8.884697848508578,
      "ssim": 0.5101156874441063
    },
    "DJI_20241227155227_0003_V.JPG": {
      "lpips": 0.14605116844177246,
      "psnr_db": 23.526645218495787,
      "ssim": 0.7910562133153515
    },
    "DJI_20241227155420_0048_V.JPG": {
      "lpips": 0.1972249299287796,
      "psnr_db": 21.82084660818033,
      "ssim": 0.7382830831087812
    },
    "DJI_20241227155506_0088_V.JPG": {
      "lpips": 0.17574523389339447,
      "psnr_db": 20.666472807163288,
      "ssim": 0.7254612464655837
    },
    "DJI_20241227155542_0110_V.JPG": {
      "lpips": 0.21142973005771637,
      "psnr_db": 21.61508562886921,
      "ssim": 0.701672446058716
    },
    "DJI_20241227155549_0117_V.JPG": {
      "lpips": 0.22380027174949646,
      "psnr_db": 21.37130494435169,
      "ssim": 0.6827467426162805
    },
    "DJI_20241227155558_0126_V.JPG": {
      "lpips": 0.1809607297182083,
      "psnr_db": 21.826856925443824,
      "ssim": 0.7056119319296332
    },
    "DJI_20241227155605_0133_V.JPG": {
      "lpips": 0.17975106835365295,
      "psnr_db": 22.156379961696754,
      "ssim": 0.74970581425228
    },
    "DJI_20241227155720_0179_V.JPG": {
      "lpips": 0.10066921263933182,
      "psnr_db": 25.049301239561505,
      "ssim": 0.8504775342935289
    },
    "DJI_20241227155732_0191_V.JPG": {
      "lpips": 0.09905737638473511,
      "psnr_db": 26.78839644107578,
      "ssim": 0.8638706824924093
    },
    "DJI_20241227155750_0201_V.JPG": {
      "lpips": 0.14577127993106842,
      "psnr_db": 23.390004909611942,
      "ssim": 0.8032084453791181
    },
    "DJI_20241227155756_0207_V.JPG": {
      "lpips": 0.12615269422531128,
      "psnr_db": 24.735825304124305,
      "ssim": 0.8299423770520593
    },
    "DJI_20241227155759_0210_V.JPG": {
      "lpips": 0.12276875972747803,
      "psnr_db": 24.76510420294165,
      "ssim": 0.8346917441703859
    },
    "DJI_20241227155802_0213_V.JPG": {
      "lpips": 0.12955951690673828,
      "psnr_db": 23.60338372390371,
      "ssim": 0.802366349447236
    },
    "DJI_20241227155807_0218_V.JPG": {
      "lpips": 0.11591660231351852,
      "psnr_db": 24.24927058008922,
      "ssim": 0.8330296144613739
    },
    "DJI_20241227155811_0222_V.JPG": {
      "lpips": 0.1353696882724762,
      "psnr_db": 23.203098847885446,
      "ssim": 0.7973173747852633
    },
    "DJI_20241227155815_0226_V.JPG": {
      "lpips": 0.11846263706684113,
      "psnr_db": 24.282885513799076,
      "ssim": 0.8262731087491471
    },
    "DJI_20241227155818_0229_V.JPG": {
      "lpips": 0.1308220624923706,
      "psnr_db": 22.638457230701444,
      "ssim": 0.8043731436599947
    },
    "DJI_20241227155949_0282_V.JPG": {
      "lpips": 0.0901625007390976,
      "psnr_db": 26.542567303033028,
      "ssim": 0.8621420394999814
    },
    "DJI_20241227160012_0299_V.JPG": {
      "lpips": 0.1373491734266281,
      "psnr_db": 24.59296499932575,
      "ssim": 0.8320464377212549
    }
  },
  "lpips_mean": 0.16052996516227722,
  "max_vram_mb": 6637.1806640625,
  "peak_gaussians": 3845068,
  "psnr_db_mean": 22.78547751193812,
  "scene_id": "hcm0031",
  "schema_version": 1,
  "ssim_mean": 0.7772196008451242,
  "step": 7000,
  "total_time_seconds": 1007.9687707119997,
  "valid_fraction_mean": 0.9900465729080491
}
