{
  "candidate_id": "B0-compact",
  "config_sha256": "2f8d9d8fa056a4d618ced80f84c1e7685799db8989c3ceb29a17b90f7b250e10",
  "holdout_sha256": "bf4aa7a13d2f83fc07e42222e4351ae0a6a019c4896256d6c654b04702536a80",
  "image_count": 24,
  "images": {
    "DJI_20241220145649_0055_V.JPG": {
      "lpips": 0.23584868013858795,
      "psnr_db": 24.83218229635137,
      "ssim": 0.7691501510204473
    },
    "DJI_20241220145910_0141_V.JPG": {
      "lpips": 0.2626453936100006,
      "psnr_db": 21.722533373204808,
      "ssim": 0.6537369258993453
    },
    "DJI_20241220145932_0147_V.JPG": {
      "lpips": 0.16846397519111633,
      "psnr_db": 25.215800678284634,
      "ssim": 0.8121467115268717
    },
    "DJI_20241220150056_0185_V.JPG": {
      "lpips": 0.23094210028648376,
      "psnr_db": 21.157346320883114,
      "ssim": 0.6882364678824303
    },
    "DJI_20241220150100_0189_V.JPG": {
      "lpips": 0.21656227111816406,
      "psnr_db": 21.569933676922652,
      "ssim": 0.6924925902663642
    },
    "DJI_20241220150108_0197_V.JPG": {
      "lpips": 0.2302916944026947,
      "psnr_db": 21.032295731413043,
      "ssim": 0.6611243195581975
    },
    "DJI_20241220150120_0209_V.JPG": {
      "lpips": 0.25601404905319214,
      "psnr_db": 21.793900836366245,
      "ssim": 0.6778338080870403
    },
    "DJI_20241220150142_0213_V.JPG": {
      "lpips": 0.27690035104751587,
      "psnr_db": 20.30851214182519,
      "ssim": 0.5799018236787465
    },
    "DJI_20241220150144_0215_V.JPG": {
      "lpips": 0.23432397842407227,
      "psnr_db": 22.257524654911926,
      "ssim": 0.6738305005563777
    },
    "DJI_20241220150146_0217_V.JPG": {
      "lpips": 0.23405584692955017,
      "psnr_db": 22.338908511063988,
      "ssim": 0.6791530190645807
    },
    "DJI_20241220150150_0221_V.JPG": {
      "lpips": 0.27236780524253845,
      "psnr_db": 20.46207743044933,
      "ssim": 0.6278993131322531
    },
    "DJI_20241220150154_0225_V.JPG": {
      "lpips": 0.24928100407123566,
      "psnr_db": 20.818230246523424,
      "ssim": 0.6432581908869638
    },
    "DJI_20241220150158_0229_V.JPG": {
      "lpips": 0.21298180520534515,
      "psnr_db": 20.631071660316795,
      "ssim": 0.6637383436381827
    },
    "DJI_20241220150200_0231_V.JPG": {
      "lpips": 0.22916772961616516,
      "psnr_db": 19.829634355221458,
      "ssim": 0.6488108216007143
    },
    "DJI_20241220150202_0233_V.JPG": {
      "lpips": 0.2538873553276062,
      "psnr_db": 20.15494861518291,
      "ssim": 0.6239089693040913
    },
    "DJI_20241220150206_0237_V.JPG": {
      "lpips": 0.273715078830719,
      "psnr_db": 20.18223801272161,
      "ssim": 0.5968075159150765
    },
    "DJI_20241220150245_0249_V.JPG": {
      "lpips": 0.16363677382469177,
      "psnr_db": 24.18842510796147,
      "ssim": 0.8137670115506521
    },
    "DJI_20241220150251_0255_V.JPG": {
      "lpips": 0.16430774331092834,
      "psnr_db": 24.937961367237783,
      "ssim": 0.8132272294925902
    },
    "DJI_20241220150259_0263_V.JPG": {
      "lpips": 0.16626983880996704,
      "psnr_db": 24.955538697688127,
      "ssim": 0.7738805350398124
    },
    "DJI_20241220150307_0271_V.JPG": {
      "lpips": 0.1876385509967804,
      "psnr_db": 25.608553393849768,
      "ssim": 0.793239006601515
    },
    "DJI_20241220150542_0357_V.JPG": {
      "lpips": 0.1598770022392273,
      "psnr_db": 26.192004788160183,
      "ssim": 0.8285563292413403
    },
    "DJI_20241220151101_0485_V.JPG": {
      "lpips": 0.23927995562553406,
      "psnr_db": 22.627367193265584,
      "ssim": 0.6833077059763972
    },
    "DJI_20241220151113_0497_V.JPG": {
      "lpips": 0.18681520223617554,
      "psnr_db": 23.771622706997842,
      "ssim": 0.7687717120514888
    },
    "DJI_20241220151136_0501_V.JPG": {
      "lpips": 0.20941072702407837,
      "psnr_db": 24.025457398219675,
      "ssim": 0.7895331694447688
    }
  },
  "lpips_mean": 0.22144520469009876,
  "max_vram_mb": 3107.82177734375,
  "peak_gaussians": 1772968,
  "psnr_db_mean": 22.52558621645929,
  "scene_id": "HNI0265",
  "schema_version": 1,
  "ssim_mean": 0.7065130071423438,
  "step": 7000,
  "total_time_seconds": 565.053041309,
  "valid_fraction_mean": 1.0
}
