{
  "total_steps": 7000,
  "total_time_seconds": 565.053041309,
  "final_loss": 0.044804684817790985,
  "final_num_gaussians": 1743251,
  "max_vram_mb": 3107.82177734375
}