{
  "candidate_id": "C1-absgrad-t08-v1",
  "hf_l1_mean": 0.21661406757711582,
  "image_count": 26,
  "images": {
    "DJI_20241230093301_0003_V.JPG": {
      "hf_l1": 0.1777714177881834,
      "missing_edge": 0.3772537569977031,
      "spurious_edge": 0.03149811690330198
    },
    "DJI_20241230093317_0004_V.JPG": {
      "hf_l1": 0.2185227631456418,
      "missing_edge": 0.22649973746107685,
      "spurious_edge": 0.03144473980981052
    },
    "DJI_20241230093506_0072_V.JPG": {
      "hf_l1": 0.25796418434028023,
      "missing_edge": 0.31201859328897974,
      "spurious_edge": 0.04156045441711749
    },
    "DJI_20241230093556_0115_V.JPG": {
      "hf_l1": 0.23342564867133245,
      "missing_edge": 0.3471943161643064,
      "spurious_edge": 0.038285116702575395
    },
    "DJI_20241230093602_0121_V.JPG": {
      "hf_l1": 0.28805517548650134,
      "missing_edge": 0.4168196840084705,
      "spurious_edge": 0.0470714776007144
    },
    "DJI_20241230093607_0126_V.JPG": {
      "hf_l1": 0.2879685771051381,
      "missing_edge": 0.3970195358100664,
      "spurious_edge": 0.042841977341562594
    },
    "DJI_20241230093613_0132_V.JPG": {
      "hf_l1": 0.21902044235851653,
      "missing_edge": 0.3012257398686908,
      "spurious_edge": 0.029585724116759027
    },
    "DJI_20241230093621_0140_V.JPG": {
      "hf_l1": 0.2461244118938749,
      "missing_edge": 0.36170873680520416,
      "spurious_edge": 0.040480828257172204
    },
    "DJI_20241230093643_0148_V.JPG": {
      "hf_l1": 0.16893463694219296,
      "missing_edge": 0.1779105004921736,
      "spurious_edge": 0.0235266835696492
    },
    "DJI_20241230093656_0161_V.JPG": {
      "hf_l1": 0.1939497254108923,
      "missing_edge": 0.20132145957669728,
      "spurious_edge": 0.026756286856155442
    },
    "DJI_20241230093733_0185_V.JPG": {
      "hf_l1": 0.2285644520744228,
      "missing_edge": 0.3281881420878865,
      "spurious_edge": 0.04797272078253516
    },
    "DJI_20241230093735_0187_V.JPG": {
      "hf_l1": 0.2250791194764513,
      "missing_edge": 0.31885498116653255,
      "spurious_edge": 0.044238514216991896
    },
    "DJI_20241230093737_0189_V.JPG": {
      "hf_l1": 0.23774898877552045,
      "missing_edge": 0.31904285541114946,
      "spurious_edge": 0.048018533939811106
    },
    "DJI_20241230093740_0192_V.JPG": {
      "hf_l1": 0.26203108360714145,
      "missing_edge": 0.3567802009747115,
      "spurious_edge": 0.056568162886323235
    },
    "DJI_20241230093742_0194_V.JPG": {
      "hf_l1": 0.26164455558980027,
      "missing_edge": 0.3694460194077468,
      "spurious_edge": 0.05274079659900399
    },
    "DJI_20241230093744_0196_V.JPG": {
      "hf_l1": 0.2526387520359126,
      "missing_edge": 0.34388798934229686,
      "spurious_edge": 0.052813636502321355
    },
    "DJI_20241230093810_0210_V.JPG": {
      "hf_l1": 0.2732237659891606,
      "missing_edge": 0.3990992497717059,
      "spurious_edge": 0.06695734911343627
    },
    "DJI_20241230093929_0242_V.JPG": {
      "hf_l1": 0.18221941249165657,
      "missing_edge": 0.18774027147586575,
      "spurious_edge": 0.02211207525349818
    },
    "DJI_20241230093932_0245_V.JPG": {
      "hf_l1": 0.16631397493642175,
      "missing_edge": 0.1449661997411055,
      "spurious_edge": 0.020008665485379423
    },
    "DJI_20241230093935_0248_V.JPG": {
      "hf_l1": 0.162729833372084,
      "missing_edge": 0.151019263054743,
      "spurious_edge": 0.021790621869829496
    },
    "DJI_20241230093938_0251_V.JPG": {
      "hf_l1": 0.16841830799519614,
      "missing_edge": 0.15392182437406943,
      "spurious_edge": 0.022046380523523503
    },
    "DJI_20241230093941_0254_V.JPG": {
      "hf_l1": 0.18170372917301242,
      "missing_edge": 0.16507422984602207,
      "spurious_edge": 0.024323551461370368
    },
    "DJI_20241230094032_0296_V.JPG": {
      "hf_l1": 0.18394731986491922,
      "missing_edge": 0.20534894949583943,
      "spurious_edge": 0.022137632390328968
    },
    "DJI_20241230094038_0299_V.JPG": {
      "hf_l1": 0.1850554847109049,
      "missing_edge": 0.1694976192689731,
      "spurious_edge": 0.02260685360959185
    },
    "DJI_20241230094056_0314_V.JPG": {
      "hf_l1": 0.1837434714840068,
      "missing_edge": 0.20732233044014436,
      "spurious_edge": 0.02573618835638892
    },
    "DJI_20241230094118_0333_V.JPG": {
      "hf_l1": 0.18516652228584551,
      "missing_edge": 0.22463485428415975,
      "spurious_edge": 0.024824232246384914
    }
  },
  "missing_edge_mean": 0.27553065540832006,
  "scene_id": "HCM0421",
  "schema_version": 1,
  "spurious_edge_mean": 0.03569028156967449
}
