{
  "candidate_id": "C1-absgrad-t08-v1",
  "config_sha256": "e68acfd906bacf91f2e7f0f94b3e88a08068d42bad8b5afc5cda91852ed98e6e",
  "holdout_sha256": "eb1f3c620ddb32feeb68d8ca313fafd1d2a8e4e42cc54b1ad9258cf92b0617a6",
  "image_count": 26,
  "images": {
    "DJI_20241230093301_0003_V.JPG": {
      "lpips": 0.5778436660766602,
      "psnr_db": 5.551744979949532,
      "ssim": 0.30189528978297236
    },
    "DJI_20241230093317_0004_V.JPG": {
      "lpips": 0.1257522851228714,
      "psnr_db": 24.69462356899688,
      "ssim": 0.786030852592979
    },
    "DJI_20241230093506_0072_V.JPG": {
      "lpips": 0.17110925912857056,
      "psnr_db": 21.20911696211847,
      "ssim": 0.7492900015711722
    },
    "DJI_20241230093556_0115_V.JPG": {
      "lpips": 0.19062712788581848,
      "psnr_db": 22.557479265470327,
      "ssim": 0.7162435300154063
    },
    "DJI_20241230093602_0121_V.JPG": {
      "lpips": 0.221573144197464,
      "psnr_db": 20.721881768046487,
      "ssim": 0.6633590617045
    },
    "DJI_20241230093607_0126_V.JPG": {
      "lpips": 0.19523608684539795,
      "psnr_db": 20.842577410587715,
      "ssim": 0.7017005465623047
    },
    "DJI_20241230093613_0132_V.JPG": {
      "lpips": 0.17035889625549316,
      "psnr_db": 23.538211474856787,
      "ssim": 0.7865164626429313
    },
    "DJI_20241230093621_0140_V.JPG": {
      "lpips": 0.1734573096036911,
      "psnr_db": 22.143129000517817,
      "ssim": 0.7287293588526574
    },
    "DJI_20241230093643_0148_V.JPG": {
      "lpips": 0.10149562358856201,
      "psnr_db": 25.43437940458507,
      "ssim": 0.8654327328307184
    },
    "DJI_20241230093656_0161_V.JPG": {
      "lpips": 0.11657283455133438,
      "psnr_db": 25.3441503645233,
      "ssim": 0.8338897162815456
    },
    "DJI_20241230093733_0185_V.JPG": {
      "lpips": 0.18705645203590393,
      "psnr_db": 18.862061305766606,
      "ssim": 0.6964980061572712
    },
    "DJI_20241230093735_0187_V.JPG": {
      "lpips": 0.180172860622406,
      "psnr_db": 18.48254748487147,
      "ssim": 0.7112518659508549
    },
    "DJI_20241230093737_0189_V.JPG": {
      "lpips": 0.184700146317482,
      "psnr_db": 19.627325106527234,
      "ssim": 0.6985615386258642
    },
    "DJI_20241230093740_0192_V.JPG": {
      "lpips": 0.21754568815231323,
      "psnr_db": 18.063649539929397,
      "ssim": 0.6362719583579979
    },
    "DJI_20241230093742_0194_V.JPG": {
      "lpips": 0.2240009307861328,
      "psnr_db": 17.938935007831283,
      "ssim": 0.6446087509780529
    },
    "DJI_20241230093744_0196_V.JPG": {
      "lpips": 0.20919685065746307,
      "psnr_db": 18.465758882575667,
      "ssim": 0.6736098835311864
    },
    "DJI_20241230093810_0210_V.JPG": {
      "lpips": 0.2768310010433197,
      "psnr_db": 16.088344971801053,
      "ssim": 0.5707071545764217
    },
    "DJI_20241230093929_0242_V.JPG": {
      "lpips": 0.10806228220462799,
      "psnr_db": 24.005597508555297,
      "ssim": 0.8520886698041149
    },
    "DJI_20241230093932_0245_V.JPG": {
      "lpips": 0.08679543435573578,
      "psnr_db": 26.525249489724896,
      "ssim": 0.8825729696949282
    },
    "DJI_20241230093935_0248_V.JPG": {
      "lpips": 0.08585120737552643,
      "psnr_db": 26.69691304472731,
      "ssim": 0.8706376972856869
    },
    "DJI_20241230093938_0251_V.JPG": {
      "lpips": 0.09313278645277023,
      "psnr_db": 26.855569181326967,
      "ssim": 0.8629019874125982
    },
    "DJI_20241230093941_0254_V.JPG": {
      "lpips": 0.10686634480953217,
      "psnr_db": 26.63988457216969,
      "ssim": 0.8526682723231365
    },
    "DJI_20241230094032_0296_V.JPG": {
      "lpips": 0.11424349248409271,
      "psnr_db": 25.50495875363541,
      "ssim": 0.8230636141756088
    },
    "DJI_20241230094038_0299_V.JPG": {
      "lpips": 0.10271205008029938,
      "psnr_db": 26.23796741303622,
      "ssim": 0.858106031774615
    },
    "DJI_20241230094056_0314_V.JPG": {
      "lpips": 0.10677815228700638,
      "psnr_db": 26.14824104162427,
      "ssim": 0.8457038978347697
    },
    "DJI_20241230094118_0333_V.JPG": {
      "lpips": 0.13138745725154877,
      "psnr_db": 25.82686054210191,
      "ssim": 0.8190318899068587
    }
  },
  "lpips_mean": 0.17151382192969322,
  "max_vram_mb": 3162.9033203125,
  "peak_gaussians": 1815315,
  "psnr_db_mean": 22.077198386379116,
  "scene_id": "HCM0421",
  "schema_version": 1,
  "ssim_mean": 0.7473604515856598,
  "step": 7000,
  "total_time_seconds": 633.375022025,
  "valid_fraction_mean": 0.9888470141250729
}
