{
  "total_steps": 7000,
  "total_time_seconds": 633.375022025,
  "final_loss": 0.04015054926276207,
  "final_num_gaussians": 1790808,
  "max_vram_mb": 3162.9033203125
}