{
  "alpha_coverage": 1.0,
  "psnr_db": 7.183904771203457,
  "psnr_is_infinite": false,
  "rgb_std": 0.14673642814159393,
  "ssim": 0.34009939432144165,
  "valid_fraction": 0.9889649748802185
}
