{
  "alpha_coverage": 0.9740029340520624,
  "psnr_db": 6.166421336369452,
  "psnr_is_infinite": false,
  "rgb_std": 0.191533625125885,
  "ssim": 0.18381845951080322,
  "valid_fraction": 0.9879002571105957
}
