{
  "final": {
    "alpha_coverage": 1.0,
    "psnr_db": 29.08050425035503,
    "psnr_is_infinite": false,
    "rgb_std": 0.22047758102416992,
    "ssim": 0.8651905059814453,
    "valid_fraction": 0.9902334809303284
  },
  "final_render_non_blank": true,
  "initial": {
    "alpha_coverage": 1.0,
    "psnr_db": 11.41824485391261,
    "psnr_is_infinite": false,
    "rgb_std": 0.06823165714740753,
    "ssim": 0.3786904811859131,
    "valid_fraction": 0.9902334809303284
  },
  "psnr_delta_db": 17.662259396442423,
  "quality_improved": true,
  "ssim_delta": 0.4865000247955322,
  "train_camera_index": 0
}
