{
  "candidate_id": "B0-reference",
  "config_sha256": "bdb4d873ebaaca9b3a56f576510b890e8dd8e7f2a1c16ba1e226e7bc7431d6e0",
  "holdout_sha256": "e44ce53dc135d9ba66b1f4cf7879e4702299a7c773b9edb8902979cd2ebbce9e",
  "image_count": 10,
  "images": {
    "DJI_20241230175128_0108_V.JPG": {
      "lpips": 0.28358179330825806,
      "psnr_db": 19.242739694025563,
      "ssim": 0.6126798448462819
    },
    "DJI_20241230175151_0131_V.JPG": {
      "lpips": 0.28367531299591064,
      "psnr_db": 19.826009334538874,
      "ssim": 0.587232204506258
    },
    "DJI_20241230175337_0179_V.JPG": {
      "lpips": 0.22596685588359833,
      "psnr_db": 20.296735788797548,
      "ssim": 0.6396166809044843
    },
    "DJI_20241230175354_0196_V.JPG": {
      "lpips": 0.21813948452472687,
      "psnr_db": 20.739013613299242,
      "ssim": 0.6681913073067282
    },
    "DJI_20241230175435_0216_V.JPG": {
      "lpips": 0.24522808194160461,
      "psnr_db": 19.258215120597473,
      "ssim": 0.6383327328594867
    },
    "DJI_20241230175442_0223_V.JPG": {
      "lpips": 0.22301605343818665,
      "psnr_db": 20.869173102217307,
      "ssim": 0.6726774030761524
    },
    "DJI_20241230175450_0231_V.JPG": {
      "lpips": 0.3156360983848572,
      "psnr_db": 17.773091410139966,
      "ssim": 0.5288329285060056
    },
    "DJI_20241230175458_0239_V.JPG": {
      "lpips": 0.3406723439693451,
      "psnr_db": 16.71184017312974,
      "ssim": 0.524928434734316
    },
    "DJI_20241230175559_0266_V.JPG": {
      "lpips": 0.17659570276737213,
      "psnr_db": 24.06605810188891,
      "ssim": 0.7818278065201807
    },
    "DJI_20241230175646_0302_V.JPG": {
      "lpips": 0.1392623335123062,
      "psnr_db": 26.042525858718832,
      "ssim": 0.8445990335103594
    }
  },
  "lpips_mean": 0.24517740607261657,
  "max_vram_mb": 5229.0,
  "peak_gaussians": 3017020,
  "psnr_db_mean": 20.482540219735345,
  "scene_id": "HCM1439",
  "schema_version": 1,
  "ssim_mean": 0.6498918376770253,
  "step": 7000,
  "total_time_seconds": 779.8974263680002,
  "valid_fraction_mean": 0.9902334773416677
}
