{
  "candidate_id": "B0-compact",
  "config_sha256": "2bb8e1764941a6450d0515a09c3350b2164f476347efc182e0fd2e64e77cd7dd",
  "holdout_sha256": "5c07a9e7cdd5639ccc7c1976176b1e8fddf1f6c5ebeb83dab90aec30f69f0874",
  "image_count": 20,
  "images": {
    "DJI_20241227155159_0002_V.JPG": {
      "lpips": 0.43310245871543884,
      "psnr_db": 9.792344279479671,
      "ssim": 0.5673705176936258
    },
    "DJI_20241227155227_0003_V.JPG": {
      "lpips": 0.1623762995004654,
      "psnr_db": 23.6101266111239,
      "ssim": 0.7890006128006672
    },
    "DJI_20241227155420_0048_V.JPG": {
      "lpips": 0.2279733121395111,
      "psnr_db": 21.3930881789905,
      "ssim": 0.7254624428908745
    },
    "DJI_20241227155506_0088_V.JPG": {
      "lpips": 0.1880045384168625,
      "psnr_db": 20.808790906718304,
      "ssim": 0.7204240969942779
    },
    "DJI_20241227155542_0110_V.JPG": {
      "lpips": 0.23042802512645721,
      "psnr_db": 21.46882121239775,
      "ssim": 0.6894363150385068
    },
    "DJI_20241227155549_0117_V.JPG": {
      "lpips": 0.2406427562236786,
      "psnr_db": 21.342700958189567,
      "ssim": 0.6753008900985895
    },
    "DJI_20241227155558_0126_V.JPG": {
      "lpips": 0.19948014616966248,
      "psnr_db": 21.672553569047565,
      "ssim": 0.6980349202163115
    },
    "DJI_20241227155605_0133_V.JPG": {
      "lpips": 0.1976865828037262,
      "psnr_db": 22.10601422941577,
      "ssim": 0.7407806159373648
    },
    "DJI_20241227155720_0179_V.JPG": {
      "lpips": 0.11549199372529984,
      "psnr_db": 24.736030324400748,
      "ssim": 0.840314873441337
    },
    "DJI_20241227155732_0191_V.JPG": {
      "lpips": 0.11503865569829941,
      "psnr_db": 26.570634302829987,
      "ssim": 0.856044304554617
    },
    "DJI_20241227155750_0201_V.JPG": {
      "lpips": 0.1629684567451477,
      "psnr_db": 23.129863445723977,
      "ssim": 0.7946363604411227
    },
    "DJI_20241227155756_0207_V.JPG": {
      "lpips": 0.1420096904039383,
      "psnr_db": 24.597842834912203,
      "ssim": 0.821488279610061
    },
    "DJI_20241227155759_0210_V.JPG": {
      "lpips": 0.14145970344543457,
      "psnr_db": 24.46506592328342,
      "ssim": 0.8259960937171481
    },
    "DJI_20241227155802_0213_V.JPG": {
      "lpips": 0.14365017414093018,
      "psnr_db": 23.688776397921206,
      "ssim": 0.7975581654584945
    },
    "DJI_20241227155807_0218_V.JPG": {
      "lpips": 0.13475866615772247,
      "psnr_db": 24.158779236484623,
      "ssim": 0.8236065646954035
    },
    "DJI_20241227155811_0222_V.JPG": {
      "lpips": 0.1556577980518341,
      "psnr_db": 22.92495987371123,
      "ssim": 0.7886030203001149
    },
    "DJI_20241227155815_0226_V.JPG": {
      "lpips": 0.13743482530117035,
      "psnr_db": 24.17308632378382,
      "ssim": 0.8159293446332143
    },
    "DJI_20241227155818_0229_V.JPG": {
      "lpips": 0.1445363461971283,
      "psnr_db": 22.423790796566294,
      "ssim": 0.7964969027915725
    },
    "DJI_20241227155949_0282_V.JPG": {
      "lpips": 0.1035354733467102,
      "psnr_db": 26.29598640686907,
      "ssim": 0.8531883008089916
    },
    "DJI_20241227160012_0299_V.JPG": {
      "lpips": 0.15209345519542694,
      "psnr_db": 24.432599291580267,
      "ssim": 0.8229547554970761
    }
  },
  "lpips_mean": 0.17641646787524223,
  "max_vram_mb": 3751.51123046875,
  "peak_gaussians": 2151897,
  "psnr_db_mean": 22.689592755171496,
  "scene_id": "hcm0031",
  "schema_version": 1,
  "ssim_mean": 0.7721313688809686,
  "step": 7000,
  "total_time_seconds": 660.7049115979999,
  "valid_fraction_mean": 0.9900465729080491
}
