{
  "total_steps": 7000,
  "total_time_seconds": 660.7049115979999,
  "final_loss": 0.043108828365802765,
  "final_num_gaussians": 2088218,
  "max_vram_mb": 3751.51123046875
}