{
  "final": {
    "alpha_coverage": 1.0,
    "psnr_db": 28.318343122551056,
    "psnr_is_infinite": false,
    "rgb_std": 0.1784687638282776,
    "ssim": 0.8930692076683044,
    "valid_fraction": 1.0
  },
  "final_render_non_blank": true,
  "initial": {
    "alpha_coverage": 1.0,
    "psnr_db": 14.28364109107717,
    "psnr_is_infinite": false,
    "rgb_std": 0.0663243979215622,
    "ssim": 0.41124391555786133,
    "valid_fraction": 1.0
  },
  "psnr_delta_db": 14.034702031473886,
  "quality_improved": true,
  "ssim_delta": 0.4818252921104431,
  "train_camera_index": 0
}
