{
  "candidate_id": "C1-absgrad-t08-revopacity-v1",
  "hf_l1_mean": 0.17167243938582877,
  "image_count": 25,
  "images": {
    "DJI_20241227152907_0001_V.JPG": {
      "hf_l1": 0.15344938791351329,
      "missing_edge": 0.8280492879556912,
      "spurious_edge": 0.0352442984034222
    },
    "DJI_20241227152924_0002_V.JPG": {
      "hf_l1": 0.15125778429029482,
      "missing_edge": 0.5175341647175531,
      "spurious_edge": 0.016263470675968904
    },
    "DJI_20241227152959_0004_V.JPG": {
      "hf_l1": 0.23782666169816874,
      "missing_edge": 0.2804929259818108,
      "spurious_edge": 0.03700902648803646
    },
    "DJI_20241227154431_0063_V.JPG": {
      "hf_l1": 0.16442006954695346,
      "missing_edge": 0.2434073475704529,
      "spurious_edge": 0.02573466335925571
    },
    "DJI_20241227154439_0071_V.JPG": {
      "hf_l1": 0.17770983897140677,
      "missing_edge": 0.24022610539640024,
      "spurious_edge": 0.029709495249737285
    },
    "DJI_20241227154455_0081_V.JPG": {
      "hf_l1": 0.195930491767133,
      "missing_edge": 0.2832640227237867,
      "spurious_edge": 0.035798179065160494
    },
    "DJI_20241227154622_0133_V.JPG": {
      "hf_l1": 0.1637229365744521,
      "missing_edge": 0.19744814289393414,
      "spurious_edge": 0.026018240229324165
    },
    "DJI_20241227154727_0170_V.JPG": {
      "hf_l1": 0.17548166961952844,
      "missing_edge": 0.33034540257665845,
      "spurious_edge": 0.0428000550321986
    },
    "DJI_20241227154736_0179_V.JPG": {
      "hf_l1": 0.17065641650550586,
      "missing_edge": 0.27944549026766186,
      "spurious_edge": 0.03391251956462311
    },
    "DJI_20241227154740_0183_V.JPG": {
      "hf_l1": 0.16335568091550118,
      "missing_edge": 0.23985221944271035,
      "spurious_edge": 0.026763756020114767
    },
    "DJI_20241227154744_0187_V.JPG": {
      "hf_l1": 0.17672014251838553,
      "missing_edge": 0.2890668891561286,
      "spurious_edge": 0.030190215908158274
    },
    "DJI_20241227154749_0192_V.JPG": {
      "hf_l1": 0.16528277213940393,
      "missing_edge": 0.2782973583399572,
      "spurious_edge": 0.0418130971156733
    },
    "DJI_20241227154808_0202_V.JPG": {
      "hf_l1": 0.1829626830428835,
      "missing_edge": 0.27078997406503785,
      "spurious_edge": 0.0351859361693803
    },
    "DJI_20241227154812_0206_V.JPG": {
      "hf_l1": 0.17097308992500385,
      "missing_edge": 0.30142529835676185,
      "spurious_edge": 0.0344337513046142
    },
    "DJI_20241227154816_0210_V.JPG": {
      "hf_l1": 0.19233444469076655,
      "missing_edge": 0.35344264661997377,
      "spurious_edge": 0.04181843433195538
    },
    "DJI_20241227154818_0212_V.JPG": {
      "hf_l1": 0.16969101654143284,
      "missing_edge": 0.2969348680621983,
      "spurious_edge": 0.04381212163183739
    },
    "DJI_20241227154821_0215_V.JPG": {
      "hf_l1": 0.1804731026376295,
      "missing_edge": 0.3406723617257968,
      "spurious_edge": 0.055903313725813884
    },
    "DJI_20241227154823_0217_V.JPG": {
      "hf_l1": 0.19804990433689174,
      "missing_edge": 0.36904525997167315,
      "spurious_edge": 0.06037306767469268
    },
    "DJI_20241227154825_0219_V.JPG": {
      "hf_l1": 0.2003559961417541,
      "missing_edge": 0.3862793738851552,
      "spurious_edge": 0.06635845126338027
    },
    "DJI_20241227154829_0223_V.JPG": {
      "hf_l1": 0.18592912537015913,
      "missing_edge": 0.32335350347341146,
      "spurious_edge": 0.0438527017207704
    },
    "DJI_20241227154831_0225_V.JPG": {
      "hf_l1": 0.17630741759473031,
      "missing_edge": 0.26887827096018885,
      "spurious_edge": 0.038870398533157796
    },
    "DJI_20241227154834_0228_V.JPG": {
      "hf_l1": 0.16730119645272085,
      "missing_edge": 0.29733068148431546,
      "spurious_edge": 0.042810113054073264
    },
    "DJI_20241227155104_0321_V.JPG": {
      "hf_l1": 0.10607611595043995,
      "missing_edge": 0.10520780165378751,
      "spurious_edge": 0.014677627536707519
    },
    "DJI_20241227155153_0350_V.JPG": {
      "hf_l1": 0.13599760970196823,
      "missing_edge": 0.22387027349062932,
      "spurious_edge": 0.021804607998554392
    },
    "DJI_20241227155203_0360_V.JPG": {
      "hf_l1": 0.12954542979909128,
      "missing_edge": 0.13877099507093243,
      "spurious_edge": 0.018718222218561023
    }
  },
  "missing_edge_mean": 0.3073372266337043,
  "scene_id": "HNI0131",
  "schema_version": 1,
  "spurious_edge_mean": 0.03599503057100687
}
