{
  "candidate_id": "C1-absgrad-t08-revopacity-v1",
  "config_sha256": "49b4dabd01236ababe5842613250676f2a639c250cc49a407489c72396f12850",
  "holdout_sha256": "1273fbda4a15adf0ad4481107a398e170249fc5823308de52c4b3e0e0d03d20b",
  "image_count": 25,
  "images": {
    "DJI_20241227152907_0001_V.JPG": {
      "lpips": 0.6749115586280823,
      "psnr_db": 7.688986094537414,
      "ssim": 0.35287151866146904
    },
    "DJI_20241227152924_0002_V.JPG": {
      "lpips": 0.5416457653045654,
      "psnr_db": 6.267875039874995,
      "ssim": 0.41834388533342526
    },
    "DJI_20241227152959_0004_V.JPG": {
      "lpips": 0.1416584551334381,
      "psnr_db": 24.85132953385216,
      "ssim": 0.7635591388837475
    },
    "DJI_20241227154431_0063_V.JPG": {
      "lpips": 0.12081414461135864,
      "psnr_db": 26.201417355832138,
      "ssim": 0.8634438831904571
    },
    "DJI_20241227154439_0071_V.JPG": {
      "lpips": 0.11845660209655762,
      "psnr_db": 25.686372161492326,
      "ssim": 0.8398204209988176
    },
    "DJI_20241227154455_0081_V.JPG": {
      "lpips": 0.14089031517505646,
      "psnr_db": 24.467252496603862,
      "ssim": 0.8117028215127453
    },
    "DJI_20241227154622_0133_V.JPG": {
      "lpips": 0.09306427091360092,
      "psnr_db": 27.13697048361717,
      "ssim": 0.8562543447044367
    },
    "DJI_20241227154727_0170_V.JPG": {
      "lpips": 0.16732943058013916,
      "psnr_db": 21.642162832775796,
      "ssim": 0.7349304998844947
    },
    "DJI_20241227154736_0179_V.JPG": {
      "lpips": 0.136622816324234,
      "psnr_db": 22.989746205295774,
      "ssim": 0.798037207616956
    },
    "DJI_20241227154740_0183_V.JPG": {
      "lpips": 0.11847670376300812,
      "psnr_db": 24.95192435739869,
      "ssim": 0.8399159662396289
    },
    "DJI_20241227154744_0187_V.JPG": {
      "lpips": 0.16072088479995728,
      "psnr_db": 23.884112777555604,
      "ssim": 0.800276061189176
    },
    "DJI_20241227154749_0192_V.JPG": {
      "lpips": 0.15736863017082214,
      "psnr_db": 22.832921963824756,
      "ssim": 0.7746430736592324
    },
    "DJI_20241227154808_0202_V.JPG": {
      "lpips": 0.15096555650234222,
      "psnr_db": 22.986227652377682,
      "ssim": 0.7976656052041053
    },
    "DJI_20241227154812_0206_V.JPG": {
      "lpips": 0.1626845896244049,
      "psnr_db": 23.05956033114001,
      "ssim": 0.7853702342096699
    },
    "DJI_20241227154816_0210_V.JPG": {
      "lpips": 0.2077244073152542,
      "psnr_db": 22.194445237779306,
      "ssim": 0.7434529853249843
    },
    "DJI_20241227154818_0212_V.JPG": {
      "lpips": 0.18387442827224731,
      "psnr_db": 23.100519494794817,
      "ssim": 0.7673474718223336
    },
    "DJI_20241227154821_0215_V.JPG": {
      "lpips": 0.22378729283809662,
      "psnr_db": 20.98760511937718,
      "ssim": 0.7097468020939912
    },
    "DJI_20241227154823_0217_V.JPG": {
      "lpips": 0.26198044419288635,
      "psnr_db": 19.9819039350195,
      "ssim": 0.682273498856936
    },
    "DJI_20241227154825_0219_V.JPG": {
      "lpips": 0.2300345003604889,
      "psnr_db": 19.28155247909391,
      "ssim": 0.6563534706005294
    },
    "DJI_20241227154829_0223_V.JPG": {
      "lpips": 0.18653307855129242,
      "psnr_db": 21.145332981489638,
      "ssim": 0.7352653703967978
    },
    "DJI_20241227154831_0225_V.JPG": {
      "lpips": 0.1518428921699524,
      "psnr_db": 22.738253143246933,
      "ssim": 0.7925219913691245
    },
    "DJI_20241227154834_0228_V.JPG": {
      "lpips": 0.16221269965171814,
      "psnr_db": 21.9414383568644,
      "ssim": 0.7601624635272693
    },
    "DJI_20241227155104_0321_V.JPG": {
      "lpips": 0.04981505870819092,
      "psnr_db": 30.425165139148106,
      "ssim": 0.9336902383641824
    },
    "DJI_20241227155153_0350_V.JPG": {
      "lpips": 0.07819746434688568,
      "psnr_db": 26.668928711124842,
      "ssim": 0.8799698543955038
    },
    "DJI_20241227155203_0360_V.JPG": {
      "lpips": 0.06428217142820358,
      "psnr_db": 28.41357299194033,
      "ssim": 0.920181047550897
    }
  },
  "lpips_mean": 0.18743576645851134,
  "max_vram_mb": 2970.51025390625,
  "peak_gaussians": 1679822,
  "psnr_db_mean": 22.461023075042295,
  "scene_id": "HNI0131",
  "schema_version": 1,
  "ssim_mean": 0.7607119942236364,
  "step": 7000,
  "total_time_seconds": 656.1043554529999,
  "valid_fraction_mean": 1.0
}
