{
  "total_steps": 7000,
  "total_time_seconds": 656.1043554529999,
  "final_loss": 0.030353911221027374,
  "final_num_gaussians": 1629651,
  "max_vram_mb": 2970.51025390625
}