{
  "alpha_coverage": 1.0,
  "psnr_db": 11.473133783187961,
  "psnr_is_infinite": false,
  "rgb_std": 0.09324024617671967,
  "ssim": 0.38400256633758545,
  "valid_fraction": 0.9886616468429565
}
