{
  "alpha_coverage": 1.0,
  "psnr_db": 8.773664098319554,
  "psnr_is_infinite": false,
  "rgb_std": 0.14433954656124115,
  "ssim": 0.5276833176612854,
  "valid_fraction": 0.9890033006668091
}
