{
  "alpha_coverage": 1.0,
  "psnr_db": 6.987013522663357,
  "psnr_is_infinite": false,
  "rgb_std": 0.14536437392234802,
  "ssim": 0.3590068817138672,
  "valid_fraction": 0.9897953271865845
}
