{
  "alpha_coverage": 1.0,
  "psnr_db": 11.41824485391261,
  "psnr_is_infinite": false,
  "rgb_std": 0.06823165714740753,
  "ssim": 0.3786904811859131,
  "valid_fraction": 0.9902334809303284
}
