{
  "alpha_coverage": 1.0,
  "psnr_db": 11.718180405852792,
  "psnr_is_infinite": false,
  "rgb_std": 0.10907101631164551,
  "ssim": 0.32084012031555176,
  "valid_fraction": 0.9901638031005859
}
